,id,length,# viral fragments,# eucaryotic fragments,# bacterial fragments,decision,# viral / # total,# eucaryotic / # total,# bacteria / # total
0,NC_034010.1,30405870,7184,51736,1225,eucaryotic,0.119,0.86,0.02
1,NZ_CP048796.1,4280811,913,203,7445,bacteria,0.107,0.024,0.87
2,NZ_AP021853.1,3308414,376,110,6130,bacteria,0.057,0.017,0.927
3,NZ_AP014724.1,2698323,137,96,5163,bacteria,0.025,0.018,0.957
4,NC_022198.1,2031902,95,3,3965,bacteria,0.023,0.001,0.976
5,NZ_CP024870.1,1560007,83,787,2250,bacteria,0.027,0.252,0.721
6,NC_017059.1,3876289,80,19,7653,bacteria,0.01,0.002,0.987
7,NZ_CP033061.1,2767524,48,7,5480,bacteria,0.009,0.001,0.99
8,MT936305.1,18851,34,2,1,virus,0.919,0.054,0.027
9,KY110737.1,19251,31,0,7,virus,0.816,0.0,0.184
10,MT350595.1,19246,31,0,7,virus,0.816,0.0,0.184
11,NZ_CP061498.1,3537072,30,1,7043,bacteria,0.004,0.0,0.996
12,NZ_CP048797.1,151684,30,1,272,bacteria,0.099,0.003,0.898
13,NZ_CP040508.1,1424253,28,0,2820,bacteria,0.01,0.0,0.99
14,FJ907331.1,13626,27,0,0,virus,1.0,0.0,0.0
15,KU240013.1,14213,26,2,0,virus,0.929,0.071,0.0
16,NZ_CP024941.1,4059171,26,1,8091,bacteria,0.003,0.0,0.997
17,NC_055177.1,13398,24,0,2,virus,0.923,0.0,0.077
18,KX192367.1,16933,24,6,3,virus,0.727,0.182,0.091
19,KY707825.2,18478,23,1,12,virus,0.639,0.028,0.333
20,KC794785.1,12171,23,1,0,virus,0.958,0.042,0.0
21,KM823531.1,13188,23,3,0,virus,0.885,0.115,0.0
22,LC602461.1,11892,22,1,0,virus,0.957,0.043,0.0
23,MK778810.1,10635,21,0,0,virus,1.0,0.0,0.0
24,NC_023641.1,15088,21,9,0,virus,0.7,0.3,0.0
25,NC_005029.1,10538,21,0,0,virus,1.0,0.0,0.0
26,KM051426.1,10053,20,0,0,virus,1.0,0.0,0.0
27,MN059457.1,10110,20,0,0,virus,1.0,0.0,0.0
28,MN059563.1,10128,20,0,0,virus,1.0,0.0,0.0
29,KT992088.1,10032,20,0,0,virus,1.0,0.0,0.0
30,MN059469.1,10115,20,0,0,virus,1.0,0.0,0.0
31,NC_004011.1,10142,20,0,0,virus,1.0,0.0,0.0
32,AM267479.1,10427,20,0,0,virus,1.0,0.0,0.0
33,LC600465.1,9736,19,0,0,virus,1.0,0.0,0.0
34,KY659304.1,9627,19,0,0,virus,1.0,0.0,0.0
35,AB747297.1,9798,19,0,0,virus,1.0,0.0,0.0
36,LC600461.1,9736,19,0,0,virus,1.0,0.0,0.0
37,MK372945.1,9784,19,0,0,virus,1.0,0.0,0.0
38,HQ637383.1,9834,19,0,0,virus,1.0,0.0,0.0
39,NC_018176.1,9630,19,0,0,virus,1.0,0.0,0.0
40,AP017822.1,9798,19,0,0,virus,1.0,0.0,0.0
41,LC537503.1,9798,19,0,0,virus,1.0,0.0,0.0
42,HQ912902.1,9666,19,0,0,virus,1.0,0.0,0.0
43,NC_004047.1,9612,19,0,0,virus,1.0,0.0,0.0
44,AP017736.1,9795,19,0,0,virus,1.0,0.0,0.0
45,HF585100.1,9784,19,0,0,virus,1.0,0.0,0.0
46,LC494681.1,9736,19,0,0,virus,1.0,0.0,0.0
47,MK777994.1,9757,19,0,0,virus,1.0,0.0,0.0
48,LC537538.1,9798,19,0,0,virus,1.0,0.0,0.0
49,MT200671.1,9623,19,0,0,virus,1.0,0.0,0.0
50,JX070146.1,9613,19,0,0,virus,1.0,0.0,0.0
51,MK472693.1,9947,19,0,0,virus,1.0,0.0,0.0
52,KY711363.1,9675,19,0,0,virus,1.0,0.0,0.0
53,KY112748.1,9661,19,0,0,virus,1.0,0.0,0.0
54,JX047419.1,9574,19,0,0,virus,1.0,0.0,0.0
55,MN598578.1,9572,19,0,0,virus,1.0,0.0,0.0
56,AP017845.1,9798,19,0,0,virus,1.0,0.0,0.0
57,JX070155.1,9613,19,0,0,virus,1.0,0.0,0.0
58,KX379001.1,9606,19,0,0,virus,1.0,0.0,0.0
59,AP017840.1,9798,19,0,0,virus,1.0,0.0,0.0
60,LC494688.1,9736,19,0,0,virus,1.0,0.0,0.0
61,LC038073.1,9663,19,0,0,virus,1.0,0.0,0.0
62,AP017837.1,9798,19,0,0,virus,1.0,0.0,0.0
63,LC377302.1,9973,19,0,0,virus,1.0,0.0,0.0
64,LC375006.1,9736,19,0,0,virus,1.0,0.0,0.0
65,MT533611.1,9802,19,0,0,virus,1.0,0.0,0.0
66,KJ789139.1,9733,19,0,0,virus,1.0,0.0,0.0
67,AB105135.1,9833,19,0,0,virus,1.0,0.0,0.0
68,AB989650.1,9798,19,0,0,virus,1.0,0.0,0.0
69,KY847961.1,9630,19,0,0,virus,1.0,0.0,0.0
70,KY847986.1,9634,19,0,0,virus,1.0,0.0,0.0
71,KF155414.2,9532,19,0,0,virus,1.0,0.0,0.0
72,MT815986.1,9591,19,0,0,virus,1.0,0.0,0.0
73,MT502363.1,9579,19,0,0,virus,1.0,0.0,0.0
74,KY847953.1,9634,19,0,0,virus,1.0,0.0,0.0
75,LC375035.1,9736,19,0,0,virus,1.0,0.0,0.0
76,EU734434.1,9833,19,0,0,virus,1.0,0.0,0.0
77,MT672267.1,10026,18,2,0,virus,0.9,0.1,0.0
78,MH680824.1,9769,18,1,0,virus,0.947,0.053,0.0
79,MW990174.1,9381,18,0,0,virus,1.0,0.0,0.0
80,MT680932.1,9940,18,0,1,virus,0.947,0.0,0.053
81,MW080952.1,9284,18,0,0,virus,1.0,0.0,0.0
82,MW026062.1,9391,18,0,0,virus,1.0,0.0,0.0
83,KX575832.1,9942,18,1,0,virus,0.947,0.053,0.0
84,FJ807700.1,9588,18,1,0,virus,0.947,0.053,0.0
85,AP017868.1,9798,18,0,1,virus,0.947,0.0,0.053
86,MZ148007.1,9295,18,0,0,virus,1.0,0.0,0.0
87,JN936438.1,9445,18,0,0,virus,1.0,0.0,0.0
88,KC711055.1,9741,18,1,0,virus,0.947,0.053,0.0
89,MF405189.1,9420,18,0,0,virus,1.0,0.0,0.0
90,AP017732.1,9795,18,0,1,virus,0.947,0.0,0.053
91,KX884756.1,10487,18,2,0,virus,0.9,0.1,0.0
92,KM365067.1,9180,18,0,0,virus,1.0,0.0,0.0
93,KM882648.1,9498,18,0,0,virus,1.0,0.0,0.0
94,NC_055496.1,9769,18,1,0,virus,0.947,0.053,0.0
95,MK649741.1,9429,17,1,0,virus,0.944,0.056,0.0
96,KR108834.1,8693,17,0,0,virus,1.0,0.0,0.0
97,KY474546.1,8649,17,0,0,virus,1.0,0.0,0.0
98,HQ339959.1,9307,17,1,0,virus,0.944,0.056,0.0
99,MW990171.1,9384,17,0,1,virus,0.944,0.0,0.056
100,MH595746.1,9715,17,0,2,virus,0.895,0.0,0.105
101,MZ148008.1,9259,16,2,0,virus,0.889,0.111,0.0
102,MK816926.1,8816,16,1,0,virus,0.941,0.059,0.0
103,HM854296.1,8474,16,0,0,virus,1.0,0.0,0.0
104,MN059268.1,8729,16,0,1,virus,0.941,0.0,0.059
105,KF533700.1,16362,16,1,15,virus,0.5,0.031,0.469
106,MN059327.1,8321,16,0,0,virus,1.0,0.0,0.0
107,KX884528.1,9034,16,1,1,virus,0.889,0.056,0.056
108,MN059288.1,8672,16,0,1,virus,0.941,0.0,0.059
109,AM493895.2,8855,16,0,1,virus,0.941,0.0,0.059
110,JQ922417.1,8758,16,1,0,virus,0.941,0.059,0.0
111,MN059356.1,8308,16,0,0,virus,1.0,0.0,0.0
112,MT554537.1,8745,16,0,1,virus,0.941,0.0,0.059
113,NC_008169.1,8745,16,0,1,virus,0.941,0.0,0.059
114,MN059369.1,8421,16,0,0,virus,1.0,0.0,0.0
115,MG938299.1,8723,16,1,0,virus,0.941,0.059,0.0
116,MG938294.1,8710,16,1,0,virus,0.941,0.059,0.0
117,LN851191.1,8485,16,0,0,virus,1.0,0.0,0.0
118,JX513897.1,7601,15,0,0,virus,1.0,0.0,0.0
119,KJ524452.1,7601,15,0,0,virus,1.0,0.0,0.0
120,MN059402.1,8307,15,0,1,virus,0.938,0.0,0.062
121,MN059194.1,8339,15,0,1,virus,0.938,0.0,0.062
122,MN059273.1,8644,15,0,2,virus,0.882,0.0,0.118
123,MH404158.1,7849,15,0,0,virus,1.0,0.0,0.0
124,KF030873.2,8425,15,1,0,virus,0.938,0.062,0.0
125,KC937024.1,7947,15,0,0,virus,1.0,0.0,0.0
126,MZ202332.1,8469,15,0,1,virus,0.938,0.0,0.062
127,JX000024.1,8717,15,0,2,virus,0.882,0.0,0.118
128,AF536958.1,7639,15,0,0,virus,1.0,0.0,0.0
129,KX156739.1,7529,15,0,0,virus,1.0,0.0,0.0
130,AJ292230.1,8451,15,0,1,virus,0.938,0.0,0.062
131,MG387654.1,8703,15,2,0,virus,0.882,0.118,0.0
132,KF241951.1,7932,15,0,0,virus,1.0,0.0,0.0
133,MZ148041.1,9287,15,3,0,virus,0.833,0.167,0.0
134,KX008574.1,7702,15,0,0,virus,1.0,0.0,0.0
135,MN059113.1,8621,15,0,2,virus,0.882,0.0,0.118
136,MN245240.1,7844,15,0,0,virus,1.0,0.0,0.0
137,MK804768.1,8665,15,2,0,virus,0.882,0.118,0.0
138,MN433959.1,7022,14,0,0,virus,1.0,0.0,0.0
139,KX884531.1,9521,14,5,0,virus,0.737,0.263,0.0
140,MN059208.1,8366,14,0,2,virus,0.875,0.0,0.125
141,KJ200309.1,8241,14,2,0,virus,0.875,0.125,0.0
142,AJ534983.1,7242,14,0,0,virus,1.0,0.0,0.0
143,MN059176.1,8342,14,2,0,virus,0.875,0.125,0.0
144,AB735629.2,7475,14,0,0,virus,1.0,0.0,0.0
145,MN433962.1,7072,14,0,0,virus,1.0,0.0,0.0
146,MN699702.1,7356,14,0,0,virus,1.0,0.0,0.0
147,MN059132.1,8612,14,0,3,virus,0.824,0.0,0.176
148,EU433397.2,7890,14,0,1,virus,0.933,0.0,0.067
149,LC522976.1,7531,14,1,0,virus,0.933,0.067,0.0
150,MZ320196.1,7230,14,0,0,virus,1.0,0.0,0.0
151,MN504770.1,7467,14,0,0,virus,1.0,0.0,0.0
152,JN710440.1,6791,13,0,0,virus,1.0,0.0,0.0
153,KX034883.1,7344,13,1,0,virus,0.929,0.071,0.0
154,KC847061.1,7377,13,1,0,virus,0.929,0.071,0.0
155,KY696659.1,8349,13,0,3,virus,0.812,0.0,0.188
156,MN504765.1,7466,13,0,1,virus,0.929,0.0,0.071
157,JN104386.1,7905,13,0,2,virus,0.867,0.0,0.133
158,KX034878.1,7341,13,1,0,virus,0.929,0.071,0.0
159,MW629381.1,8607,13,4,0,virus,0.765,0.235,0.0
160,KX034904.1,7343,13,1,0,virus,0.929,0.071,0.0
161,HM126464.1,6746,13,0,0,virus,1.0,0.0,0.0
162,BK011046.1,7010,13,1,0,virus,0.929,0.071,0.0
163,FJ824814.1,7446,13,1,0,virus,0.929,0.071,0.0
164,NZ_CP024942.1,3058868,13,0,6104,bacteria,0.002,0.0,0.998
165,MF642726.1,7091,13,1,0,virus,0.929,0.071,0.0
166,KJ789129.1,6791,13,0,0,virus,1.0,0.0,0.0
167,NC_015507.1,7769,12,3,0,virus,0.8,0.2,0.0
168,KR911671.1,7064,12,0,2,virus,0.857,0.0,0.143
169,MT188667.1,6015,12,0,0,virus,1.0,0.0,0.0
170,KY967228.1,6383,12,0,0,virus,1.0,0.0,0.0
171,MT752851.1,6436,12,0,0,virus,1.0,0.0,0.0
172,MT752908.1,6445,12,0,0,virus,1.0,0.0,0.0
173,MT752813.1,6436,12,0,0,virus,1.0,0.0,0.0
174,KJ207374.1,6385,12,0,0,virus,1.0,0.0,0.0
175,MG515725.1,6356,12,0,0,virus,1.0,0.0,0.0
176,HE818420.1,6395,12,0,0,virus,1.0,0.0,0.0
177,HE818411.1,6395,12,0,0,virus,1.0,0.0,0.0
178,MW961143.1,6464,12,0,0,virus,1.0,0.0,0.0
179,MN164455.1,6383,12,0,0,virus,1.0,0.0,0.0
180,AB863201.1,8030,12,3,1,virus,0.75,0.188,0.062
181,MT752919.1,6436,12,0,0,virus,1.0,0.0,0.0
182,MK165457.1,6391,12,0,0,virus,1.0,0.0,0.0
183,MT752649.1,6436,12,0,0,virus,1.0,0.0,0.0
184,KU854929.1,6646,12,0,1,virus,0.923,0.0,0.077
185,KC852073.1,6423,12,0,0,virus,1.0,0.0,0.0
186,KP868653.1,6423,12,0,0,virus,1.0,0.0,0.0
187,MN882025.1,6376,12,0,0,virus,1.0,0.0,0.0
188,DQ000985.1,6412,12,0,0,virus,1.0,0.0,0.0
189,MW314117.1,6365,12,0,0,virus,1.0,0.0,0.0
190,MT752773.1,6445,12,0,0,virus,1.0,0.0,0.0
191,MZ148109.1,8361,12,3,1,virus,0.75,0.188,0.062
192,MF002491.1,6383,12,0,0,virus,1.0,0.0,0.0
193,MT752859.1,6445,12,0,0,virus,1.0,0.0,0.0
194,MT752690.1,6436,12,0,0,virus,1.0,0.0,0.0
195,MN187554.1,7432,12,2,0,virus,0.857,0.143,0.0
196,MT752853.1,6436,12,0,0,virus,1.0,0.0,0.0
197,LC428355.1,5700,11,0,0,virus,1.0,0.0,0.0
198,LC089851.1,5983,11,0,0,virus,1.0,0.0,0.0
199,EF469769.1,6355,11,0,1,virus,0.917,0.0,0.083
200,MH978189.1,5686,11,0,0,virus,1.0,0.0,0.0
201,MN187035.1,5983,11,0,0,virus,1.0,0.0,0.0
202,HE818415.1,6395,11,0,1,virus,0.917,0.0,0.083
203,MN497803.1,5583,11,0,0,virus,1.0,0.0,0.0
204,MT586579.1,5639,11,0,0,virus,1.0,0.0,0.0
205,JQ700306.1,5679,11,0,0,virus,1.0,0.0,0.0
206,KF015269.1,5678,11,0,0,virus,1.0,0.0,0.0
207,LC522997.1,8425,11,5,0,virus,0.688,0.312,0.0
208,MF684368.1,5504,11,0,0,virus,1.0,0.0,0.0
209,BK014308.1,11694,11,12,0,eucaryotic,0.478,0.522,0.0
210,MW314116.1,6359,11,0,1,virus,0.917,0.0,0.083
211,NC_055236.1,7178,11,3,0,virus,0.786,0.214,0.0
212,LT991639.1,5664,11,0,0,virus,1.0,0.0,0.0
213,KF030878.2,8434,11,4,1,virus,0.688,0.25,0.062
214,KU248489.1,5642,10,0,1,virus,0.909,0.0,0.091
215,HG792420.1,10794,10,7,4,virus,0.476,0.333,0.19
216,KT380022.1,5952,10,1,0,virus,0.909,0.091,0.0
217,MN386973.1,7966,10,0,5,virus,0.667,0.0,0.333
218,MT317167.1,6549,10,3,0,virus,0.769,0.231,0.0
219,MN497808.1,5417,10,0,0,virus,1.0,0.0,0.0
220,KU697313.1,6130,10,0,2,virus,0.833,0.0,0.167
221,MK012642.1,5133,10,0,0,virus,1.0,0.0,0.0
222,AY713379.1,7494,10,4,0,virus,0.714,0.286,0.0
223,MN497809.1,5266,10,0,0,virus,1.0,0.0,0.0
224,MG017318.1,7494,10,4,0,virus,0.714,0.286,0.0
225,KF135478.1,5018,10,0,0,virus,1.0,0.0,0.0
226,KY769710.1,5078,10,0,0,virus,1.0,0.0,0.0
227,MF425867.1,5605,10,0,1,virus,0.909,0.0,0.091
228,LC125633.1,6226,10,0,2,virus,0.833,0.0,0.167
229,KT002439.2,6407,10,2,0,virus,0.833,0.167,0.0
230,MK802072.1,8089,10,6,0,virus,0.625,0.375,0.0
231,MK649770.1,8391,10,0,6,virus,0.625,0.0,0.375
232,GQ996951.1,6008,10,2,0,virus,0.833,0.167,0.0
233,MH120170.1,8209,10,5,1,virus,0.625,0.312,0.062
234,NC_035220.1,4963,9,0,0,virus,1.0,0.0,0.0
235,MW582785.1,7244,9,5,0,virus,0.643,0.357,0.0
236,MK522805.1,6001,9,3,0,virus,0.75,0.25,0.0
237,MK050796.1,7429,9,5,0,virus,0.643,0.357,0.0
238,LC126040.1,4977,9,0,0,virus,1.0,0.0,0.0
239,EU563947.1,5404,9,1,0,virus,0.9,0.1,0.0
240,FJ971717.1,5834,9,0,2,virus,0.818,0.0,0.182
241,MG599280.1,4447,8,0,0,virus,1.0,0.0,0.0
242,EF155982.1,4224,8,0,0,virus,1.0,0.0,0.0
243,MN101211.1,4059,8,0,0,virus,1.0,0.0,0.0
244,MT892660.1,5398,8,0,2,virus,0.8,0.0,0.2
245,MF467374.1,4422,8,0,0,virus,1.0,0.0,0.0
246,AB250687.1,4269,8,0,0,virus,1.0,0.0,0.0
247,AB250686.1,4271,8,0,0,virus,1.0,0.0,0.0
248,MN458419.1,7254,8,6,0,virus,0.571,0.429,0.0
249,BK011158.1,7232,8,6,0,virus,0.571,0.429,0.0
250,KF134125.1,7259,8,6,0,virus,0.571,0.429,0.0
251,FM865413.1,5673,7,0,4,virus,0.636,0.0,0.364
252,HM125550.1,3808,7,0,0,virus,1.0,0.0,0.0
253,MW035190.1,3651,7,0,0,virus,1.0,0.0,0.0
254,KY510908.1,7431,7,6,1,virus,0.5,0.429,0.071
255,MF159044.1,8920,7,10,0,eucaryotic,0.412,0.588,0.0
256,MW328724.1,6265,7,4,1,virus,0.583,0.333,0.083
257,MH899121.1,3600,7,0,0,virus,1.0,0.0,0.0
258,MG925373.1,3857,7,0,0,virus,1.0,0.0,0.0
259,EU215794.1,6068,7,2,0,virus,0.778,0.222,0.0
260,HM125560.1,3808,7,0,0,virus,1.0,0.0,0.0
261,HG939477.1,3536,7,0,0,virus,1.0,0.0,0.0
262,MT792848.1,3581,7,0,0,virus,1.0,0.0,0.0
263,MH894295.1,7859,7,8,0,eucaryotic,0.467,0.533,0.0
264,MH231181.1,3867,7,0,0,virus,1.0,0.0,0.0
265,KP334128.1,3342,6,0,0,virus,1.0,0.0,0.0
266,LC066406.1,3015,6,0,0,virus,1.0,0.0,0.0
267,MF796976.1,3733,6,1,0,virus,0.857,0.143,0.0
268,MH999327.1,3164,6,0,0,virus,1.0,0.0,0.0
269,MH999312.1,3164,6,0,0,virus,1.0,0.0,0.0
270,MH999387.1,3164,6,0,0,virus,1.0,0.0,0.0
271,MT317175.1,3360,6,0,0,virus,1.0,0.0,0.0
272,KX599170.1,3432,6,0,0,virus,1.0,0.0,0.0
273,NC_035935.1,3235,6,0,0,virus,1.0,0.0,0.0
274,EU191905.1,8530,6,11,0,eucaryotic,0.353,0.647,0.0
275,MF797008.1,3018,6,0,0,virus,1.0,0.0,0.0
276,MT269808.1,3438,6,0,0,virus,1.0,0.0,0.0
277,MN080500.1,3873,6,0,1,virus,0.857,0.0,0.143
278,JN661344.1,3294,6,0,0,virus,1.0,0.0,0.0
279,MZ220988.1,3347,6,0,0,virus,1.0,0.0,0.0
280,MF797012.1,3846,6,1,0,virus,0.857,0.143,0.0
281,MH999331.1,3164,6,0,0,virus,1.0,0.0,0.0
282,NZ_CP033062.1,89249,6,3,169,bacteria,0.034,0.017,0.949
283,MH802019.1,3808,6,0,1,virus,0.857,0.0,0.143
284,LC066414.1,3322,6,0,0,virus,1.0,0.0,0.0
285,HQ283392.1,3356,6,0,0,virus,1.0,0.0,0.0
286,KX557439.1,4501,6,3,0,virus,0.667,0.333,0.0
287,KX831466.1,3382,6,0,0,virus,1.0,0.0,0.0
288,MZ220989.1,3352,6,0,0,virus,1.0,0.0,0.0
289,LC066453.1,3334,6,0,0,virus,1.0,0.0,0.0
290,MH578348.1,3005,6,0,0,virus,1.0,0.0,0.0
291,KY662077.1,3812,6,0,1,virus,0.857,0.0,0.143
292,MH999356.1,3164,6,0,0,virus,1.0,0.0,0.0
293,MZ320192.1,3440,6,0,0,virus,1.0,0.0,0.0
294,U20621.1,3082,6,0,0,virus,1.0,0.0,0.0
295,LC381763.1,3048,6,0,0,virus,1.0,0.0,0.0
296,KC527797.1,3361,6,0,0,virus,1.0,0.0,0.0
297,KX831459.1,3387,6,0,0,virus,1.0,0.0,0.0
298,JQ855708.1,3599,6,1,0,virus,0.857,0.143,0.0
299,BK011065.1,7255,6,8,0,eucaryotic,0.429,0.571,0.0
300,LC066513.1,3324,6,0,0,virus,1.0,0.0,0.0
301,EU628633.1,2690,5,0,0,virus,1.0,0.0,0.0
302,NC_004580.1,2630,5,0,0,virus,1.0,0.0,0.0
303,KY304915.1,2687,5,0,0,virus,1.0,0.0,0.0
304,KX557374.1,4501,5,4,0,virus,0.556,0.444,0.0
305,HQ693296.1,2688,5,0,0,virus,1.0,0.0,0.0
306,JN604497.1,2759,5,0,0,virus,1.0,0.0,0.0
307,MN027199.1,2764,5,0,0,virus,1.0,0.0,0.0
308,LN848802.1,2571,5,0,0,virus,1.0,0.0,0.0
309,KM229930.1,2707,5,0,0,virus,1.0,0.0,0.0
310,AB971858.1,2687,5,0,0,virus,1.0,0.0,0.0
311,AM296020.1,2734,5,0,0,virus,1.0,0.0,0.0
312,KJ699329.1,2689,5,0,0,virus,1.0,0.0,0.0
313,MT626965.1,2552,5,0,0,virus,1.0,0.0,0.0
314,JQ975089.1,2765,5,0,0,virus,1.0,0.0,0.0
315,KP890354.1,2804,5,0,0,virus,1.0,0.0,0.0
316,LN846605.1,2773,5,0,0,virus,1.0,0.0,0.0
317,HQ264186.1,2698,5,0,0,virus,1.0,0.0,0.0
318,JF909121.1,2801,5,0,0,virus,1.0,0.0,0.0
319,MW574050.1,2781,5,0,0,virus,1.0,0.0,0.0
320,JF909149.1,2801,5,0,0,virus,1.0,0.0,0.0
321,KX033446.1,2816,5,0,0,virus,1.0,0.0,0.0
322,HQ393467.1,2828,5,0,0,virus,1.0,0.0,0.0
323,KY656825.1,2781,5,0,0,virus,1.0,0.0,0.0
324,KP195718.1,2740,5,0,0,virus,1.0,0.0,0.0
325,MW588416.1,2761,5,0,0,virus,1.0,0.0,0.0
326,JN082236.1,2739,5,0,0,virus,1.0,0.0,0.0
327,EU487044.1,2722,5,0,0,virus,1.0,0.0,0.0
328,KX024650.1,2781,5,0,0,virus,1.0,0.0,0.0
329,MW273384.1,2640,5,0,0,virus,1.0,0.0,0.0
330,HQ693290.1,2689,5,0,0,virus,1.0,0.0,0.0
331,KJ887874.1,2781,5,0,0,virus,1.0,0.0,0.0
332,MK092775.1,2662,5,0,0,virus,1.0,0.0,0.0
333,MT626912.1,2587,5,0,0,virus,1.0,0.0,0.0
334,MW427095.1,2761,5,0,0,virus,1.0,0.0,0.0
335,MT298220.1,2743,5,0,0,virus,1.0,0.0,0.0
336,MW426877.1,2693,5,0,0,virus,1.0,0.0,0.0
337,KY559444.1,2610,5,0,0,virus,1.0,0.0,0.0
338,KC426928.1,2584,5,0,0,virus,1.0,0.0,0.0
339,HQ693421.1,2687,5,0,0,virus,1.0,0.0,0.0
340,MG969497.1,2690,5,0,0,virus,1.0,0.0,0.0
341,KC706565.1,2558,5,0,0,virus,1.0,0.0,0.0
342,MT946534.1,2737,5,0,0,virus,1.0,0.0,0.0
343,HE979787.1,2724,5,0,0,virus,1.0,0.0,0.0
344,MT592862.1,2690,5,0,0,virus,1.0,0.0,0.0
345,MG544284.1,2770,5,0,0,virus,1.0,0.0,0.0
346,MN203199.1,3803,5,2,0,virus,0.714,0.286,0.0
347,KM230022.1,2685,5,0,0,virus,1.0,0.0,0.0
348,KC004114.1,2650,5,0,0,virus,1.0,0.0,0.0
349,MH665365.2,2736,5,0,0,virus,1.0,0.0,0.0
350,HG941646.1,2776,5,0,0,virus,1.0,0.0,0.0
351,NC_023312.1,2761,5,0,0,virus,1.0,0.0,0.0
352,MN233607.1,2742,5,0,0,virus,1.0,0.0,0.0
353,MW600741.1,2665,5,0,0,virus,1.0,0.0,0.0
354,KJ887600.1,2728,5,0,0,virus,1.0,0.0,0.0
355,JN419014.1,2658,5,0,0,virus,1.0,0.0,0.0
356,KM023145.1,2844,5,0,0,virus,1.0,0.0,0.0
357,MN381114.1,2769,5,0,0,virus,1.0,0.0,0.0
358,LN887905.1,2740,5,0,0,virus,1.0,0.0,0.0
359,FN645922.1,2742,5,0,0,virus,1.0,0.0,0.0
360,MN365018.1,2737,5,0,0,virus,1.0,0.0,0.0
361,KY304840.1,2689,5,0,0,virus,1.0,0.0,0.0
362,MH745369.1,8913,5,12,0,eucaryotic,0.294,0.706,0.0
363,MF061244.1,2570,5,0,0,virus,1.0,0.0,0.0
364,AJ971267.1,2747,5,0,0,virus,1.0,0.0,0.0
365,MF536415.1,2756,5,0,0,virus,1.0,0.0,0.0
366,JN053424.1,2781,5,0,0,virus,1.0,0.0,0.0
367,KJ887760.1,2780,5,0,0,virus,1.0,0.0,0.0
368,JF909213.1,2744,5,0,0,virus,1.0,0.0,0.0
369,JN053434.1,2799,5,0,0,virus,1.0,0.0,0.0
370,MF170158.1,2970,5,0,0,virus,1.0,0.0,0.0
371,MW588397.1,2590,5,0,0,virus,1.0,0.0,0.0
372,JN053429.1,2781,5,0,0,virus,1.0,0.0,0.0
373,MN337872.1,2664,5,0,0,virus,1.0,0.0,0.0
374,MN594281.1,2750,5,0,0,virus,1.0,0.0,0.0
375,MK423942.1,2693,5,0,0,virus,1.0,0.0,0.0
376,KY311949.1,2689,5,0,0,virus,1.0,0.0,0.0
377,KJ887913.1,2781,5,0,0,virus,1.0,0.0,0.0
378,MN577576.1,2756,5,0,0,virus,1.0,0.0,0.0
379,JF909159.1,2801,5,0,0,virus,1.0,0.0,0.0
380,KC004103.1,2658,5,0,0,virus,1.0,0.0,0.0
381,MF773911.1,2531,5,0,0,virus,1.0,0.0,0.0
382,MT367577.1,2735,5,0,0,virus,1.0,0.0,0.0
383,KX034913.1,3778,5,1,1,virus,0.714,0.143,0.143
384,KJ887799.1,2781,5,0,0,virus,1.0,0.0,0.0
385,KX557446.1,4501,5,2,2,virus,0.556,0.222,0.222
386,HE603243.1,2780,5,0,0,virus,1.0,0.0,0.0
387,MT626890.1,2586,5,0,0,virus,1.0,0.0,0.0
388,MT626995.1,2666,5,0,0,virus,1.0,0.0,0.0
389,KX656797.1,2739,5,0,0,virus,1.0,0.0,0.0
390,KR911731.1,2978,5,0,0,virus,1.0,0.0,0.0
391,FJ824808.1,2591,5,0,0,virus,1.0,0.0,0.0
392,MK092757.1,2661,5,0,0,virus,1.0,0.0,0.0
393,AJ544270.1,3518,5,0,2,virus,0.714,0.0,0.286
394,MW426952.1,2693,5,0,0,virus,1.0,0.0,0.0
395,LN886550.1,2759,5,0,0,virus,1.0,0.0,0.0
396,KC106643.1,2781,5,0,0,virus,1.0,0.0,0.0
397,NC_025680.1,2763,5,0,0,virus,1.0,0.0,0.0
398,KX827601.1,2765,5,0,0,virus,1.0,0.0,0.0
399,KY825714.1,2756,5,0,0,virus,1.0,0.0,0.0
400,KX348211.1,2609,5,0,0,virus,1.0,0.0,0.0
401,AB920781.1,3585,5,0,2,virus,0.714,0.0,0.286
402,KY559466.1,2610,5,0,0,virus,1.0,0.0,0.0
403,KJ462082.1,2708,5,0,0,virus,1.0,0.0,0.0
404,JF694483.1,2629,5,0,0,virus,1.0,0.0,0.0
405,JN543395.1,2729,5,0,0,virus,1.0,0.0,0.0
406,KX302711.1,2736,5,0,0,virus,1.0,0.0,0.0
407,MH577736.1,2738,5,0,0,virus,1.0,0.0,0.0
408,AJ558124.1,2751,5,0,0,virus,1.0,0.0,0.0
409,JX857691.1,2638,5,0,0,virus,1.0,0.0,0.0
410,NC_055544.1,2626,5,0,0,virus,1.0,0.0,0.0
411,KM229962.1,2689,5,0,0,virus,1.0,0.0,0.0
412,KY971355.1,2752,5,0,0,virus,1.0,0.0,0.0
413,JX463335.1,2922,5,0,0,virus,1.0,0.0,0.0
414,KJ939748.1,2616,5,0,0,virus,1.0,0.0,0.0
415,MT512402.1,2759,5,0,0,virus,1.0,0.0,0.0
416,FJ686693.1,2669,5,0,0,virus,1.0,0.0,0.0
417,KT099151.1,2782,5,0,0,virus,1.0,0.0,0.0
418,MN630281.1,2737,5,0,0,virus,1.0,0.0,0.0
419,KM229922.1,2705,5,0,0,virus,1.0,0.0,0.0
420,KJ939838.1,2617,5,0,0,virus,1.0,0.0,0.0
421,KJ473695.1,2749,5,0,0,virus,1.0,0.0,0.0
422,KX024645.1,2781,5,0,0,virus,1.0,0.0,0.0
423,MK382393.1,2683,5,0,0,virus,1.0,0.0,0.0
424,KU601621.1,2747,5,0,0,virus,1.0,0.0,0.0
425,KY311951.1,2689,5,0,0,virus,1.0,0.0,0.0
426,MW426665.1,2739,5,0,0,virus,1.0,0.0,0.0
427,NC_043119.1,2765,5,0,0,virus,1.0,0.0,0.0
428,MT215017.1,2605,5,0,0,virus,1.0,0.0,0.0
429,MF805766.1,8913,5,12,0,eucaryotic,0.294,0.706,0.0
430,KX255723.1,2542,5,0,0,virus,1.0,0.0,0.0
431,MH577756.1,2738,5,0,0,virus,1.0,0.0,0.0
432,KJ939772.1,2615,5,0,0,virus,1.0,0.0,0.0
433,KY304909.1,2687,5,0,0,virus,1.0,0.0,0.0
434,NC_001467.1,2779,5,0,0,virus,1.0,0.0,0.0
435,NC_010648.1,2593,5,0,0,virus,1.0,0.0,0.0
436,KJ939738.1,2616,5,0,0,virus,1.0,0.0,0.0
437,KX347122.1,2781,5,0,0,virus,1.0,0.0,0.0
438,KR476372.1,2781,5,0,0,virus,1.0,0.0,0.0
439,MF372910.1,3009,5,1,0,virus,0.833,0.167,0.0
440,KC019309.1,2741,5,0,0,virus,1.0,0.0,0.0
441,NC_040181.1,2578,5,0,0,virus,1.0,0.0,0.0
442,AJ558125.1,2732,5,0,0,virus,1.0,0.0,0.0
443,MH577665.1,2684,5,0,0,virus,1.0,0.0,0.0
444,MT626881.1,2586,5,0,0,virus,1.0,0.0,0.0
445,AJ717560.1,2784,5,0,0,virus,1.0,0.0,0.0
446,MN146018.1,2578,5,0,0,virus,1.0,0.0,0.0
447,LN864817.1,2756,5,0,0,virus,1.0,0.0,0.0
448,LT168872.1,2696,5,0,0,virus,1.0,0.0,0.0
449,MN481136.1,2736,5,0,0,virus,1.0,0.0,0.0
450,MW426616.1,2739,5,0,0,virus,1.0,0.0,0.0
451,KX347157.1,2782,5,0,0,virus,1.0,0.0,0.0
452,KT322140.1,2746,5,0,0,virus,1.0,0.0,0.0
453,KY780211.1,2695,5,0,0,virus,1.0,0.0,0.0
454,GU723715.1,2741,5,0,0,virus,1.0,0.0,0.0
455,JX237864.1,2626,5,0,0,virus,1.0,0.0,0.0
456,KF551590.1,2741,5,0,0,virus,1.0,0.0,0.0
457,JN053423.1,2781,5,0,0,virus,1.0,0.0,0.0
458,DQ178608.1,2575,5,0,0,virus,1.0,0.0,0.0
459,J02057.1,2779,5,0,0,virus,1.0,0.0,0.0
460,GU180085.1,2778,5,0,0,virus,1.0,0.0,0.0
461,MW427045.1,2760,5,0,0,virus,1.0,0.0,0.0
462,KM229938.1,2699,5,0,0,virus,1.0,0.0,0.0
463,MN503144.1,2781,5,0,0,virus,1.0,0.0,0.0
464,KJ013572.1,2768,5,0,0,virus,1.0,0.0,0.0
465,NC_015324.1,2824,5,0,0,virus,1.0,0.0,0.0
466,KJ397529.1,2747,5,0,0,virus,1.0,0.0,0.0
467,MH778651.1,2779,5,0,0,virus,1.0,0.0,0.0
468,MN481143.1,2739,5,0,0,virus,1.0,0.0,0.0
469,MT627019.1,2635,5,0,0,virus,1.0,0.0,0.0
470,HQ693472.1,2689,5,0,0,virus,1.0,0.0,0.0
471,DQ647653.1,2744,5,0,0,virus,1.0,0.0,0.0
472,MN099989.1,2940,5,0,0,virus,1.0,0.0,0.0
473,HQ693412.1,2690,5,0,0,virus,1.0,0.0,0.0
474,NC_009491.1,2559,5,0,0,virus,1.0,0.0,0.0
475,AM992618.1,2746,5,0,0,virus,1.0,0.0,0.0
476,EF194760.1,2762,5,0,0,virus,1.0,0.0,0.0
477,HQ393465.1,2829,5,0,0,virus,1.0,0.0,0.0
478,MH475911.1,2739,5,0,0,virus,1.0,0.0,0.0
479,JN103429.1,2726,5,0,0,virus,1.0,0.0,0.0
480,FN552005.1,2748,5,0,0,virus,1.0,0.0,0.0
481,MN520584.1,2781,5,0,0,virus,1.0,0.0,0.0
482,MF967021.1,2738,5,0,0,virus,1.0,0.0,0.0
483,EF532621.1,2608,5,0,0,virus,1.0,0.0,0.0
484,MW426837.1,2739,5,0,0,virus,1.0,0.0,0.0
485,KJ939915.1,2623,5,0,0,virus,1.0,0.0,0.0
486,KJ437665.1,2736,5,0,0,virus,1.0,0.0,0.0
487,MH602256.1,2843,5,0,0,virus,1.0,0.0,0.0
488,LC485016.1,2579,5,0,0,virus,1.0,0.0,0.0
489,NC_008299.1,2759,5,0,0,virus,1.0,0.0,0.0
490,MW427035.1,2692,5,0,0,virus,1.0,0.0,0.0
491,JN809819.1,2762,5,0,0,virus,1.0,0.0,0.0
492,AB910335.1,2712,5,0,0,virus,1.0,0.0,0.0
493,JF909142.1,2797,5,0,0,virus,1.0,0.0,0.0
494,KC004071.1,2593,5,0,0,virus,1.0,0.0,0.0
495,KU569582.1,2767,5,0,0,virus,1.0,0.0,0.0
496,EF585288.1,2630,5,0,0,virus,1.0,0.0,0.0
497,JQ647471.1,2750,5,0,0,virus,1.0,0.0,0.0
498,KC577540.1,2742,5,0,0,virus,1.0,0.0,0.0
499,MW426810.1,2739,5,0,0,virus,1.0,0.0,0.0
500,KT033709.1,2788,5,0,0,virus,1.0,0.0,0.0
501,KU923758.1,2516,5,0,0,virus,1.0,0.0,0.0
502,EU628579.1,2683,5,0,0,virus,1.0,0.0,0.0
503,MH674437.1,2738,5,0,0,virus,1.0,0.0,0.0
504,MN481159.1,2745,5,0,0,virus,1.0,0.0,0.0
505,KY559626.1,2574,5,0,0,virus,1.0,0.0,0.0
506,KF670624.1,2617,5,0,0,virus,1.0,0.0,0.0
507,JN604500.1,2768,5,0,0,virus,1.0,0.0,0.0
508,KJ536097.1,2750,5,0,0,virus,1.0,0.0,0.0
509,MN160358.1,3449,5,1,0,virus,0.833,0.167,0.0
510,KY559435.1,2611,5,0,0,virus,1.0,0.0,0.0
511,KM016821.1,2697,5,0,0,virus,1.0,0.0,0.0
512,KU376493.1,2746,5,0,0,virus,1.0,0.0,0.0
513,MT085663.1,2739,5,0,0,virus,1.0,0.0,0.0
514,AM158955.1,2717,5,0,0,virus,1.0,0.0,0.0
515,MW426972.1,2693,5,0,0,virus,1.0,0.0,0.0
516,KJ473699.1,2749,5,0,0,virus,1.0,0.0,0.0
517,NC_055586.1,2659,5,0,0,virus,1.0,0.0,0.0
518,KJ913683.1,2791,5,0,0,virus,1.0,0.0,0.0
519,KJ887829.1,2797,5,0,0,virus,1.0,0.0,0.0
520,HQ693432.1,2690,5,0,0,virus,1.0,0.0,0.0
521,KX347141.1,2782,5,0,0,virus,1.0,0.0,0.0
522,MH577757.1,2738,5,0,0,virus,1.0,0.0,0.0
523,FN435311.1,2736,5,0,0,virus,1.0,0.0,0.0
524,MK066925.1,2745,5,0,0,virus,1.0,0.0,0.0
525,MW427133.1,2761,5,0,0,virus,1.0,0.0,0.0
526,MN577578.1,2759,5,0,0,virus,1.0,0.0,0.0
527,KY304831.1,2687,5,0,0,virus,1.0,0.0,0.0
528,MW426819.1,2739,5,0,0,virus,1.0,0.0,0.0
529,MW426681.1,2739,5,0,0,virus,1.0,0.0,0.0
530,KX259339.1,2738,5,0,0,virus,1.0,0.0,0.0
531,DQ641691.1,2672,5,0,0,virus,1.0,0.0,0.0
532,HQ693301.1,2689,5,0,0,virus,1.0,0.0,0.0
533,HG530115.1,2799,5,0,0,virus,1.0,0.0,0.0
534,MH410152.1,2790,5,0,0,virus,1.0,0.0,0.0
535,KU892659.1,2748,5,0,0,virus,1.0,0.0,0.0
536,JF909196.1,2801,5,0,0,virus,1.0,0.0,0.0
537,MG250124.1,2781,5,0,0,virus,1.0,0.0,0.0
538,MF669103.1,2752,5,0,0,virus,1.0,0.0,0.0
539,MK757212.1,2761,5,0,0,virus,1.0,0.0,0.0
540,AY184487.3,2738,5,0,0,virus,1.0,0.0,0.0
541,MH577693.1,2738,5,0,0,virus,1.0,0.0,0.0
542,LC577769.1,6108,5,1,6,bacteria,0.417,0.083,0.5
543,MN503130.1,2779,5,0,0,virus,1.0,0.0,0.0
544,LC511774.1,2750,5,0,0,virus,1.0,0.0,0.0
545,JN604489.1,2747,5,0,0,virus,1.0,0.0,0.0
546,KJ939871.1,2658,5,0,0,virus,1.0,0.0,0.0
547,KY559591.1,2577,5,0,0,virus,1.0,0.0,0.0
548,LN848881.1,2630,5,0,0,virus,1.0,0.0,0.0
549,KC004113.1,2650,5,0,0,virus,1.0,0.0,0.0
550,KY971322.1,2752,5,0,0,virus,1.0,0.0,0.0
551,MF504013.1,2608,5,0,0,virus,1.0,0.0,0.0
552,HQ693345.1,2687,5,0,0,virus,1.0,0.0,0.0
553,MT316386.1,2738,5,0,0,virus,1.0,0.0,0.0
554,MW588404.1,2590,5,0,0,virus,1.0,0.0,0.0
555,LC431620.1,2724,5,0,0,virus,1.0,0.0,0.0
556,MN842307.1,2781,5,0,0,virus,1.0,0.0,0.0
557,KJ939749.1,2616,5,0,0,virus,1.0,0.0,0.0
558,KY559623.1,2579,5,0,0,virus,1.0,0.0,0.0
559,MW426875.1,2693,5,0,0,virus,1.0,0.0,0.0
560,JQ867094.1,2740,5,0,0,virus,1.0,0.0,0.0
561,KJ016233.1,2730,5,0,0,virus,1.0,0.0,0.0
562,BK010711.1,2662,5,0,0,virus,1.0,0.0,0.0
563,KY965909.1,2752,5,0,0,virus,1.0,0.0,0.0
564,KC261956.1,8913,5,12,0,eucaryotic,0.294,0.706,0.0
565,NC_038803.1,2525,5,0,0,virus,1.0,0.0,0.0
566,JX025360.1,2789,5,0,0,virus,1.0,0.0,0.0
567,FJ665283.1,2611,5,0,0,virus,1.0,0.0,0.0
568,AY727903.1,2724,5,0,0,virus,1.0,0.0,0.0
569,MH457191.1,2532,5,0,0,virus,1.0,0.0,0.0
570,MT551614.1,2759,5,0,0,virus,1.0,0.0,0.0
571,GU112021.1,2744,5,0,0,virus,1.0,0.0,0.0
572,KR611578.1,2737,5,0,0,virus,1.0,0.0,0.0
573,MH794649.1,2804,5,0,0,virus,1.0,0.0,0.0
574,KR612272.1,2776,5,0,0,virus,1.0,0.0,0.0
575,NC_025484.1,2564,5,0,0,virus,1.0,0.0,0.0
576,FN554528.1,2762,5,0,0,virus,1.0,0.0,0.0
577,U35769.1,3215,4,0,2,virus,0.667,0.0,0.333
578,HM991146.1,2798,4,1,0,virus,0.8,0.2,0.0
579,KM230015.1,2684,4,1,0,virus,0.8,0.2,0.0
580,KU564255.1,3206,4,1,1,virus,0.667,0.167,0.167
581,KT388086.1,2962,4,1,0,virus,0.8,0.2,0.0
582,KJ955451.1,3442,4,2,0,virus,0.667,0.333,0.0
583,KU215410.1,7373,4,9,1,eucaryotic,0.286,0.643,0.071
584,MH939383.1,2221,4,0,0,virus,1.0,0.0,0.0
585,LC062895.1,2101,4,0,0,virus,1.0,0.0,0.0
586,MZ221005.1,2103,4,0,0,virus,1.0,0.0,0.0
587,KC527772.1,2216,4,0,0,virus,1.0,0.0,0.0
588,GQ415399.1,2717,4,1,0,virus,0.8,0.2,0.0
589,KM229778.1,2584,4,1,0,virus,0.8,0.2,0.0
590,MK731955.1,3432,4,0,2,virus,0.667,0.0,0.333
591,LC649929.1,2271,4,0,0,virus,1.0,0.0,0.0
592,GU723751.1,2765,4,1,0,virus,0.8,0.2,0.0
593,MT596816.1,2260,4,0,0,virus,1.0,0.0,0.0
594,FJ561301.1,2213,4,0,0,virus,1.0,0.0,0.0
595,KT878827.1,2702,4,1,0,virus,0.8,0.2,0.0
596,KY176876.1,2180,4,0,0,virus,1.0,0.0,0.0
597,KY316017.1,3205,4,1,1,virus,0.667,0.167,0.167
598,KC706602.1,2498,4,0,0,virus,1.0,0.0,0.0
599,KU179521.1,3003,4,2,0,virus,0.667,0.333,0.0
600,MH595443.1,2972,4,1,0,virus,0.8,0.2,0.0
601,KF515620.1,2665,4,0,1,virus,0.8,0.0,0.2
602,MW491848.1,9006,4,14,0,eucaryotic,0.222,0.778,0.0
603,MG523400.1,2213,4,0,0,virus,1.0,0.0,0.0
604,KX033433.1,2753,4,1,0,virus,0.8,0.2,0.0
605,MK860459.1,2149,4,0,0,virus,1.0,0.0,0.0
606,FJ882122.1,2690,4,1,0,virus,0.8,0.2,0.0
607,HM591199.1,2176,4,0,0,virus,1.0,0.0,0.0
608,MW962374.1,2483,4,0,0,virus,1.0,0.0,0.0
609,KX013372.1,2206,4,0,0,virus,1.0,0.0,0.0
610,GU190163.1,2915,4,1,0,virus,0.8,0.2,0.0
611,MN100002.1,2945,4,1,0,virus,0.8,0.2,0.0
612,MK860441.1,2148,4,0,0,virus,1.0,0.0,0.0
613,KU179554.1,4768,4,4,1,bacteria,0.444,0.444,0.111
614,JQ975064.1,2280,4,0,0,virus,1.0,0.0,0.0
615,U20219.1,2216,4,0,0,virus,1.0,0.0,0.0
616,MH939378.1,2268,4,0,0,virus,1.0,0.0,0.0
617,MH939401.1,2217,4,0,0,virus,1.0,0.0,0.0
618,MK330012.1,2220,4,0,0,virus,1.0,0.0,0.0
619,MK931310.1,2770,4,1,0,virus,0.8,0.2,0.0
620,MN087415.1,3454,4,0,2,virus,0.667,0.0,0.333
621,JQ266228.1,2876,4,0,1,virus,0.8,0.0,0.2
622,MK860479.1,2149,4,0,0,virus,1.0,0.0,0.0
623,AJ508757.2,3892,4,3,0,virus,0.571,0.429,0.0
624,FJ417082.1,2214,4,0,0,virus,1.0,0.0,0.0
625,HQ916906.1,1677,3,0,0,virus,1.0,0.0,0.0
626,NC_040454.1,1592,3,0,0,virus,1.0,0.0,0.0
627,DQ870916.1,1531,3,0,0,virus,1.0,0.0,0.0
628,MT454000.1,1934,3,0,0,virus,1.0,0.0,0.0
629,JQ927427.1,3514,3,4,0,eucaryotic,0.429,0.571,0.0
630,JX083174.1,1801,3,0,0,virus,1.0,0.0,0.0
631,EU218531.1,1774,3,0,0,virus,1.0,0.0,0.0
632,JX083190.1,1801,3,0,0,virus,1.0,0.0,0.0
633,MH880833.1,1772,3,0,0,virus,1.0,0.0,0.0
634,JQ954733.1,1579,3,0,0,virus,1.0,0.0,0.0
635,AY902480.1,1815,3,0,0,virus,1.0,0.0,0.0
636,KF015293.1,1575,3,0,0,virus,1.0,0.0,0.0
637,FJ263357.1,1916,3,0,0,virus,1.0,0.0,0.0
638,LK392343.1,1716,3,0,0,virus,1.0,0.0,0.0
639,GU456687.1,2981,3,2,0,virus,0.6,0.4,0.0
640,MN853663.1,1544,3,0,0,virus,1.0,0.0,0.0
641,JX971985.1,2354,3,1,0,virus,0.75,0.25,0.0
642,AB179622.1,1680,3,0,0,virus,1.0,0.0,0.0
643,AJ307038.1,1709,3,0,0,virus,1.0,0.0,0.0
644,AJ621179.1,1577,3,0,0,virus,1.0,0.0,0.0
645,LT560266.1,1670,3,0,0,virus,1.0,0.0,0.0
646,KM229790.1,2568,3,2,0,virus,0.6,0.4,0.0
647,KU984975.1,1802,3,0,0,virus,1.0,0.0,0.0
648,BK011043.1,3638,3,4,0,eucaryotic,0.429,0.571,0.0
649,NC_033770.1,1966,3,0,0,virus,1.0,0.0,0.0
650,MF572944.1,1936,3,0,0,virus,1.0,0.0,0.0
651,JQ034357.1,1797,3,0,0,virus,1.0,0.0,0.0
652,JN989441.1,2582,3,2,0,virus,0.6,0.4,0.0
653,AB796373.1,1733,3,0,0,virus,1.0,0.0,0.0
654,NC_034523.1,1562,3,0,0,virus,1.0,0.0,0.0
655,MG242352.1,1785,3,0,0,virus,1.0,0.0,0.0
656,AM236821.1,1624,3,0,0,virus,1.0,0.0,0.0
657,LC158489.1,1738,3,0,0,virus,1.0,0.0,0.0
658,HQ731499.1,1928,3,0,0,virus,1.0,0.0,0.0
659,KC261949.1,2971,3,1,1,virus,0.6,0.2,0.2
660,KU949349.1,1518,3,0,0,virus,1.0,0.0,0.0
661,EF488741.1,1888,3,0,0,virus,1.0,0.0,0.0
662,LT560267.1,1670,3,0,0,virus,1.0,0.0,0.0
663,JX173276.1,6956,3,9,1,eucaryotic,0.231,0.692,0.077
664,AB461462.1,1719,3,0,0,virus,1.0,0.0,0.0
665,DQ004849.1,1599,3,0,0,virus,1.0,0.0,0.0
666,LT560303.1,1604,3,0,0,virus,1.0,0.0,0.0
667,MH730942.1,1950,3,0,0,virus,1.0,0.0,0.0
668,EF592521.1,1770,3,0,0,virus,1.0,0.0,0.0
669,MH550295.1,1916,3,0,0,virus,1.0,0.0,0.0
670,HM015522.1,4787,3,6,0,eucaryotic,0.333,0.667,0.0
671,MH550247.1,1916,3,0,0,virus,1.0,0.0,0.0
672,HM188461.1,1801,3,0,0,virus,1.0,0.0,0.0
673,FR687959.1,2572,3,2,0,virus,0.6,0.4,0.0
674,KP109941.1,1539,3,0,0,virus,1.0,0.0,0.0
675,MT013234.1,2594,3,2,0,virus,0.6,0.4,0.0
676,MK803280.1,2931,3,2,0,virus,0.6,0.4,0.0
677,AB060953.1,1560,3,0,0,virus,1.0,0.0,0.0
678,KU179563.1,2923,3,2,0,virus,0.6,0.4,0.0
679,NC_055579.1,2588,3,2,0,virus,0.6,0.4,0.0
680,BK014344.1,1629,3,0,0,virus,1.0,0.0,0.0
681,JX047235.1,1927,3,0,0,virus,1.0,0.0,0.0
682,MH603855.1,2730,3,2,0,virus,0.6,0.4,0.0
683,LT560285.1,1604,3,0,0,virus,1.0,0.0,0.0
684,MG678292.1,1584,3,0,0,virus,1.0,0.0,0.0
685,KM229888.1,2560,3,2,0,virus,0.6,0.4,0.0
686,KJ606247.1,1607,3,0,0,virus,1.0,0.0,0.0
687,JQ619050.1,1620,3,0,0,virus,1.0,0.0,0.0
688,FM163370.1,4791,3,5,1,eucaryotic,0.333,0.556,0.111
689,MN442994.1,1677,3,0,0,virus,1.0,0.0,0.0
690,MN553562.1,2967,3,2,0,virus,0.6,0.4,0.0
691,JX392808.1,1584,3,0,0,virus,1.0,0.0,0.0
692,KF576659.1,1801,3,0,0,virus,1.0,0.0,0.0
693,AJ628757.1,1594,3,0,0,virus,1.0,0.0,0.0
694,JN638565.1,1551,3,0,0,virus,1.0,0.0,0.0
695,MK731958.1,1583,3,0,0,virus,1.0,0.0,0.0
696,MG678123.1,1977,3,0,0,virus,1.0,0.0,0.0
697,JF894259.1,1560,3,0,0,virus,1.0,0.0,0.0
698,LT560269.1,1670,3,0,0,virus,1.0,0.0,0.0
699,MN718642.1,3059,3,3,0,bacteria,0.5,0.5,0.0
700,KM377674.1,2547,3,2,0,virus,0.6,0.4,0.0
701,KM066972.1,1559,3,0,0,virus,1.0,0.0,0.0
702,EF155989.1,1814,3,0,0,virus,1.0,0.0,0.0
703,MF579612.1,1968,3,0,0,virus,1.0,0.0,0.0
704,MK204381.1,8911,3,14,0,eucaryotic,0.176,0.824,0.0
705,MN718645.1,3059,3,3,0,bacteria,0.5,0.5,0.0
706,HQ916873.1,1674,3,0,0,virus,1.0,0.0,0.0
707,LC064112.1,1894,3,0,0,virus,1.0,0.0,0.0
708,NC_008176.1,1687,3,0,0,virus,1.0,0.0,0.0
709,KJ704368.1,1570,3,0,0,virus,1.0,0.0,0.0
710,LT560289.1,1607,3,0,0,virus,1.0,0.0,0.0
711,KC172674.1,2566,3,2,0,virus,0.6,0.4,0.0
712,JF804780.1,1582,3,0,0,virus,1.0,0.0,0.0
713,KY662240.1,1801,3,0,0,virus,1.0,0.0,0.0
714,MN103237.1,1802,3,0,0,virus,1.0,0.0,0.0
715,MW334942.1,5712,3,8,0,eucaryotic,0.273,0.727,0.0
716,AJ849937.1,1743,3,0,0,virus,1.0,0.0,0.0
717,JN989443.1,2579,3,2,0,virus,0.6,0.4,0.0
718,MH550341.1,1915,3,0,0,virus,1.0,0.0,0.0
719,HM188512.1,1801,3,0,0,virus,1.0,0.0,0.0
720,DQ925464.1,1857,3,0,0,virus,1.0,0.0,0.0
721,KX650619.1,1950,3,0,0,virus,1.0,0.0,0.0
722,MK860580.1,1916,3,0,0,virus,1.0,0.0,0.0
723,MN891819.1,1615,3,0,0,virus,1.0,0.0,0.0
724,MN216378.1,1856,2,0,1,virus,0.667,0.0,0.333
725,MK860462.1,2149,2,2,0,bacteria,0.5,0.5,0.0
726,JX047159.1,1936,2,0,1,virus,0.667,0.0,0.333
727,EF213702.1,1795,2,1,0,virus,0.667,0.333,0.0
728,MF163261.1,2905,2,3,0,eucaryotic,0.4,0.6,0.0
729,MN527514.1,2378,2,0,2,bacteria,0.5,0.0,0.5
730,MN160376.1,1891,2,1,0,virus,0.667,0.333,0.0
731,MF572947.1,1936,2,0,1,virus,0.667,0.0,0.333
732,MF572979.1,1936,2,0,1,virus,0.667,0.0,0.333
733,KF438754.1,3966,2,5,0,eucaryotic,0.286,0.714,0.0
734,MF287956.1,2139,2,2,0,bacteria,0.5,0.5,0.0
735,MN562724.1,1606,2,1,0,virus,0.667,0.333,0.0
736,MN562720.1,1606,2,1,0,virus,0.667,0.333,0.0
737,KP083236.1,2502,2,3,0,eucaryotic,0.4,0.6,0.0
738,KF438742.1,3979,2,5,0,eucaryotic,0.286,0.714,0.0
739,MT921846.1,2971,2,3,0,eucaryotic,0.4,0.6,0.0
740,MT036048.1,6878,2,0,11,bacteria,0.154,0.0,0.846
741,Y11023.2,2561,2,3,0,eucaryotic,0.4,0.6,0.0
742,MN136420.1,1580,2,1,0,virus,0.667,0.333,0.0
743,KM114548.1,2947,2,3,0,eucaryotic,0.4,0.6,0.0
744,MK368784.1,1683,2,0,1,virus,0.667,0.0,0.333
745,MN891790.1,2022,2,0,2,bacteria,0.5,0.0,0.5
746,MW584147.1,7041,2,12,0,eucaryotic,0.143,0.857,0.0
747,NZ_CP061501.1,103727,2,0,205,bacteria,0.01,0.0,0.99
748,AM182747.1,1674,2,0,1,virus,0.667,0.0,0.333
749,MN136412.1,1580,2,1,0,virus,0.667,0.333,0.0
750,MN562686.1,1606,2,1,0,virus,0.667,0.333,0.0
751,EF545143.1,3005,2,0,4,bacteria,0.333,0.0,0.667
752,MW648433.1,2098,2,0,2,bacteria,0.5,0.0,0.5
753,JX047220.1,1936,2,0,1,virus,0.667,0.0,0.333
754,HQ343289.1,2481,1,3,0,eucaryotic,0.25,0.75,0.0
755,MN136447.1,1580,1,2,0,eucaryotic,0.333,0.667,0.0
756,MW698819.1,2760,1,4,0,eucaryotic,0.2,0.8,0.0
757,NC_034981.1,1649,1,2,0,eucaryotic,0.333,0.667,0.0
758,MN160378.1,1891,1,2,0,eucaryotic,0.333,0.667,0.0
759,GU127657.1,1725,1,1,1,bacteria,0.333,0.333,0.333
760,JN989439.1,2557,1,4,0,eucaryotic,0.2,0.8,0.0
761,AY262161.1,1671,1,2,0,eucaryotic,0.333,0.667,0.0
762,OU466876.1,1929,1,2,0,eucaryotic,0.333,0.667,0.0
763,JN652792.1,2199,1,3,0,eucaryotic,0.25,0.75,0.0
764,KT005245.1,2268,1,0,3,bacteria,0.25,0.0,0.75
765,NZ_CP061499.1,55166,0,0,110,bacteria,0.0,0.0,1.0
766,MF540775.1,3929,0,7,0,eucaryotic,0.0,1.0,0.0
767,MN120586.1,2189,0,4,0,eucaryotic,0.0,1.0,0.0
768,MN120581.1,2189,0,4,0,eucaryotic,0.0,1.0,0.0
769,MW281497.1,7370,0,14,0,eucaryotic,0.0,1.0,0.0
770,AB697879.1,1704,0,3,0,eucaryotic,0.0,1.0,0.0
771,KF438744.1,2804,0,5,0,eucaryotic,0.0,1.0,0.0
772,MN385578.1,2089,0,0,4,bacteria,0.0,0.0,1.0
773,MN099964.1,2945,0,5,0,eucaryotic,0.0,1.0,0.0
774,MW507819.1,1660,0,3,0,eucaryotic,0.0,1.0,0.0
775,LR824574.1,2314,0,4,0,eucaryotic,0.0,1.0,0.0
776,MN106984.1,6980,0,12,1,eucaryotic,0.0,0.923,0.077
777,MZ221793.1,1537,0,0,3,bacteria,0.0,0.0,1.0
778,MN136361.1,1501,0,3,0,eucaryotic,0.0,1.0,0.0
779,MN120616.1,2189,0,4,0,eucaryotic,0.0,1.0,0.0
780,NZ_CP033063.1,24450,0,0,48,bacteria,0.0,0.0,1.0
781,NZ_CP061502.1,425208,0,0,850,bacteria,0.0,0.0,1.0
782,MN120647.1,2189,0,4,0,eucaryotic,0.0,1.0,0.0
783,MN120575.1,2189,0,4,0,eucaryotic,0.0,1.0,0.0
784,AM087225.1,2744,0,5,0,eucaryotic,0.0,1.0,0.0
785,NZ_CP061500.1,131922,0,0,263,bacteria,0.0,0.0,1.0
786,MG019184.1,1395,5,0,0,virus,1.0,0.0,0.0
787,MG019297.1,1395,5,0,0,virus,1.0,0.0,0.0
788,KJ605117.1,1370,5,0,0,virus,1.0,0.0,0.0
789,MN929719.1,1321,5,0,0,virus,1.0,0.0,0.0
790,MG019167.1,1395,5,0,0,virus,1.0,0.0,0.0
791,MG019208.1,1395,5,0,0,virus,1.0,0.0,0.0
792,KX119438.1,1264,5,0,0,virus,1.0,0.0,0.0
793,KY271069.1,1370,5,0,0,virus,1.0,0.0,0.0
794,GU904090.1,1374,5,0,0,virus,1.0,0.0,0.0
795,MG019198.1,1395,5,0,0,virus,1.0,0.0,0.0
796,FR692890.1,1404,5,0,0,virus,1.0,0.0,0.0
797,MG019283.1,1395,5,0,0,virus,1.0,0.0,0.0
798,NC_024011.2,1491,5,0,0,virus,1.0,0.0,0.0
799,AJ491288.1,1272,5,0,0,virus,1.0,0.0,0.0
800,FJ463796.1,1455,5,0,0,virus,1.0,0.0,0.0
801,MG019102.1,1395,5,0,0,virus,1.0,0.0,0.0
802,FR692996.1,1404,5,0,0,virus,1.0,0.0,0.0
803,KX641631.1,1263,5,0,0,virus,1.0,0.0,0.0
804,FR692932.1,1404,5,0,0,virus,1.0,0.0,0.0
805,MT966812.1,1371,5,0,0,virus,1.0,0.0,0.0
806,FR693020.1,1404,5,0,0,virus,1.0,0.0,0.0
807,KT944081.1,1353,5,0,0,virus,1.0,0.0,0.0
808,FR692861.1,1404,5,0,0,virus,1.0,0.0,0.0
809,MT385295.1,1390,5,0,0,virus,1.0,0.0,0.0
810,AB457617.1,1410,5,0,0,virus,1.0,0.0,0.0
811,AJ582784.1,1260,5,0,0,virus,1.0,0.0,0.0
812,KY800907.1,1359,5,0,0,virus,1.0,0.0,0.0
813,MK357326.1,1368,5,0,0,virus,1.0,0.0,0.0
814,LN827934.1,1269,5,0,0,virus,1.0,0.0,0.0
815,MF784582.1,1334,5,0,0,virus,1.0,0.0,0.0
816,MK357282.1,1358,5,0,0,virus,1.0,0.0,0.0
817,MH846643.1,1421,5,0,0,virus,1.0,0.0,0.0
818,MG383641.1,1371,5,0,0,virus,1.0,0.0,0.0
819,LN874303.1,1373,5,0,0,virus,1.0,0.0,0.0
820,MG019187.1,1395,5,0,0,virus,1.0,0.0,0.0
821,AB702952.1,1300,5,0,0,virus,1.0,0.0,0.0
822,JN941977.1,1410,5,0,0,virus,1.0,0.0,0.0
823,MT966815.1,1372,5,0,0,virus,1.0,0.0,0.0
824,MW427203.1,1362,5,0,0,virus,1.0,0.0,0.0
825,AJ316035.1,1370,5,0,0,virus,1.0,0.0,0.0
826,HG934812.1,1368,5,0,0,virus,1.0,0.0,0.0
827,MG967290.1,1269,5,0,0,virus,1.0,0.0,0.0
828,LN851188.1,1434,5,0,0,virus,1.0,0.0,0.0
829,LN829135.1,1367,5,0,0,virus,1.0,0.0,0.0
830,LN878113.1,1368,5,0,0,virus,1.0,0.0,0.0
831,MW916791.1,1368,5,0,0,virus,1.0,0.0,0.0
832,MF044051.1,1321,5,0,0,virus,1.0,0.0,0.0
833,HE972276.1,1374,5,0,0,virus,1.0,0.0,0.0
834,KC171655.1,1346,5,0,0,virus,1.0,0.0,0.0
835,EU384620.1,1368,5,0,0,virus,1.0,0.0,0.0
836,DQ988082.1,1369,5,0,0,virus,1.0,0.0,0.0
837,LN713487.1,1376,5,0,0,virus,1.0,0.0,0.0
838,AM236835.1,1461,5,0,0,virus,1.0,0.0,0.0
839,MG019142.1,1395,5,0,0,virus,1.0,0.0,0.0
840,MK357289.1,1381,5,0,0,virus,1.0,0.0,0.0
841,MG019234.1,1395,5,0,0,virus,1.0,0.0,0.0
842,AB643672.1,1404,5,0,0,virus,1.0,0.0,0.0
843,AB643674.1,1404,5,0,0,virus,1.0,0.0,0.0
844,KF515610.1,1359,5,0,0,virus,1.0,0.0,0.0
845,LN827937.1,1272,5,0,0,virus,1.0,0.0,0.0
846,MK357322.1,1365,5,0,0,virus,1.0,0.0,0.0
847,FJ460213.1,1356,5,0,0,virus,1.0,0.0,0.0
848,MG019144.1,1395,5,0,0,virus,1.0,0.0,0.0
849,AJ491284.1,1272,5,0,0,virus,1.0,0.0,0.0
850,AM410985.1,1374,5,0,0,virus,1.0,0.0,0.0
851,MT037034.1,1358,5,0,0,virus,1.0,0.0,0.0
852,HQ452360.1,1446,5,0,0,virus,1.0,0.0,0.0
853,KF144729.1,1496,5,0,0,virus,1.0,0.0,0.0
854,GQ268223.1,1356,5,0,0,virus,1.0,0.0,0.0
855,FJ463805.1,1455,5,0,0,virus,1.0,0.0,0.0
856,HQ245332.1,1284,5,0,0,virus,1.0,0.0,0.0
857,HG515063.1,1381,5,0,0,virus,1.0,0.0,0.0
858,JN831649.1,1436,5,0,0,virus,1.0,0.0,0.0
859,LN829139.1,1368,5,0,0,virus,1.0,0.0,0.0
860,LN880826.1,1361,5,0,0,virus,1.0,0.0,0.0
861,FR695063.1,1320,5,0,0,virus,1.0,0.0,0.0
862,AJ831802.1,1374,5,0,0,virus,1.0,0.0,0.0
863,EU384600.1,1355,5,0,0,virus,1.0,0.0,0.0
864,MG019338.1,1395,5,0,0,virus,1.0,0.0,0.0
865,MK098183.1,1350,5,0,0,virus,1.0,0.0,0.0
866,FN806780.1,1342,5,0,0,virus,1.0,0.0,0.0
867,GU797470.1,1371,5,0,0,virus,1.0,0.0,0.0
868,HQ452354.1,1444,5,0,0,virus,1.0,0.0,0.0
869,LN831969.1,1366,5,0,0,virus,1.0,0.0,0.0
870,FN554574.1,1347,5,0,0,virus,1.0,0.0,0.0
871,KT187692.1,1346,5,0,0,virus,1.0,0.0,0.0
872,FR692977.1,1404,5,0,0,virus,1.0,0.0,0.0
873,KX119433.1,1264,5,0,0,virus,1.0,0.0,0.0
874,JN663868.1,1370,5,0,0,virus,1.0,0.0,0.0
875,FR692939.1,1404,5,0,0,virus,1.0,0.0,0.0
876,MH491468.1,1461,5,0,0,virus,1.0,0.0,0.0
877,HE573828.1,1137,4,0,0,virus,1.0,0.0,0.0
878,KX889825.1,1126,4,0,0,virus,1.0,0.0,0.0
879,GU066876.1,1098,4,0,0,virus,1.0,0.0,0.0
880,KR107535.1,1199,4,0,0,virus,1.0,0.0,0.0
881,KC979054.1,1002,4,0,0,virus,1.0,0.0,0.0
882,KF711182.1,1026,4,0,0,virus,1.0,0.0,0.0
883,EU384589.1,1370,4,1,0,virus,0.8,0.2,0.0
884,KF711029.1,1083,4,0,0,virus,1.0,0.0,0.0
885,KF711177.1,1027,4,0,0,virus,1.0,0.0,0.0
886,KM607077.1,1017,4,0,0,virus,1.0,0.0,0.0
887,FJ859730.1,1111,4,0,0,virus,1.0,0.0,0.0
888,LT840066.1,1368,4,1,0,virus,0.8,0.2,0.0
889,MH807309.1,1184,4,0,0,virus,1.0,0.0,0.0
890,GU904112.1,1374,4,1,0,virus,0.8,0.2,0.0
891,MF446627.1,1032,4,0,0,virus,1.0,0.0,0.0
892,KF710555.1,1102,4,0,0,virus,1.0,0.0,0.0
893,KY473725.1,1035,4,0,0,virus,1.0,0.0,0.0
894,KT390480.1,1354,4,1,0,virus,0.8,0.2,0.0
895,KF561605.1,1294,4,0,1,virus,0.8,0.0,0.2
896,HQ910408.1,1177,4,0,0,virus,1.0,0.0,0.0
897,AF127934.1,1105,4,0,0,virus,1.0,0.0,0.0
898,AJ875102.1,1074,4,0,0,virus,1.0,0.0,0.0
899,KM607662.1,1103,4,0,0,virus,1.0,0.0,0.0
900,KF711030.1,1083,4,0,0,virus,1.0,0.0,0.0
901,MH926355.1,1415,4,1,0,virus,0.8,0.2,0.0
902,EU719649.1,1064,4,0,0,virus,1.0,0.0,0.0
903,KC875238.1,1044,4,0,0,virus,1.0,0.0,0.0
904,FJ859726.1,1111,4,0,0,virus,1.0,0.0,0.0
905,EU314950.1,1191,4,0,0,virus,1.0,0.0,0.0
906,KX856974.1,1380,4,1,0,virus,0.8,0.2,0.0
907,KY429153.1,1125,4,0,0,virus,1.0,0.0,0.0
908,KM607720.1,1110,4,0,0,virus,1.0,0.0,0.0
909,HE573849.1,1137,4,0,0,virus,1.0,0.0,0.0
910,HE573795.1,1137,4,0,0,virus,1.0,0.0,0.0
911,JX673834.1,1157,4,0,0,virus,1.0,0.0,0.0
912,KF150758.1,1141,4,0,0,virus,1.0,0.0,0.0
913,KF002666.1,1051,4,0,0,virus,1.0,0.0,0.0
914,AJ966244.1,1366,4,1,0,virus,0.8,0.2,0.0
915,KU314364.1,1002,4,0,0,virus,1.0,0.0,0.0
916,MK784250.1,1038,4,0,0,virus,1.0,0.0,0.0
917,KP867002.1,1140,4,0,0,virus,1.0,0.0,0.0
918,KY623551.1,1095,4,0,0,virus,1.0,0.0,0.0
919,JN132419.1,1191,4,0,0,virus,1.0,0.0,0.0
920,FJ494834.1,1065,4,0,0,virus,1.0,0.0,0.0
921,KF710809.1,1086,4,0,0,virus,1.0,0.0,0.0
922,KM607230.1,1040,4,0,0,virus,1.0,0.0,0.0
923,KM607073.1,1018,4,0,0,virus,1.0,0.0,0.0
924,KF150755.1,1141,4,0,0,virus,1.0,0.0,0.0
925,KF710999.1,1109,4,0,0,virus,1.0,0.0,0.0
926,KM607054.1,1018,4,0,0,virus,1.0,0.0,0.0
927,KF711075.1,1084,4,0,0,virus,1.0,0.0,0.0
928,MG913378.1,1370,4,1,0,virus,0.8,0.2,0.0
929,JX262133.1,1065,4,0,0,virus,1.0,0.0,0.0
930,MK440591.1,1238,4,0,0,virus,1.0,0.0,0.0
931,AF548519.1,1059,4,0,0,virus,1.0,0.0,0.0
932,AJ399525.1,1114,4,0,0,virus,1.0,0.0,0.0
933,KC466374.1,1075,4,0,0,virus,1.0,0.0,0.0
934,KM607034.1,1017,4,0,0,virus,1.0,0.0,0.0
935,KF545122.1,1239,4,0,0,virus,1.0,0.0,0.0
936,KJ161201.1,1141,4,0,0,virus,1.0,0.0,0.0
937,KY081162.1,1157,4,0,0,virus,1.0,0.0,0.0
938,KC149950.1,1350,4,1,0,virus,0.8,0.2,0.0
939,MK684180.1,1040,4,0,0,virus,1.0,0.0,0.0
940,MK660366.1,1065,4,0,0,virus,1.0,0.0,0.0
941,KT390444.1,1393,4,1,0,virus,0.8,0.2,0.0
942,GQ281409.1,1082,4,0,0,virus,1.0,0.0,0.0
943,MK140626.1,1111,4,0,0,virus,1.0,0.0,0.0
944,GQ281413.1,1082,4,0,0,virus,1.0,0.0,0.0
945,HE573780.1,1137,4,0,0,virus,1.0,0.0,0.0
946,KU759889.1,1075,4,0,0,virus,1.0,0.0,0.0
947,AB848038.1,1036,4,0,0,virus,1.0,0.0,0.0
948,AJ399553.1,1074,4,0,0,virus,1.0,0.0,0.0
949,HM171317.1,1101,4,0,0,virus,1.0,0.0,0.0
950,GQ491071.1,1041,4,0,0,virus,1.0,0.0,0.0
951,HQ452364.1,1012,4,0,0,virus,1.0,0.0,0.0
952,KX599163.1,1278,4,0,1,virus,0.8,0.0,0.2
953,KF711199.1,1028,4,0,0,virus,1.0,0.0,0.0
954,AM491486.1,1162,4,0,0,virus,1.0,0.0,0.0
955,HE573857.1,1137,4,0,0,virus,1.0,0.0,0.0
956,KU687085.1,1111,4,0,0,virus,1.0,0.0,0.0
957,JF957663.1,1047,4,0,0,virus,1.0,0.0,0.0
958,HQ844157.1,1065,4,0,0,virus,1.0,0.0,0.0
959,KP261825.1,1017,4,0,0,virus,1.0,0.0,0.0
960,JF897962.1,1017,4,0,0,virus,1.0,0.0,0.0
961,KF710503.1,1101,4,0,0,virus,1.0,0.0,0.0
962,HM775996.1,1245,4,0,0,virus,1.0,0.0,0.0
963,KU687058.1,1110,4,0,0,virus,1.0,0.0,0.0
964,AM041970.1,1269,4,1,0,virus,0.8,0.2,0.0
965,MN167135.1,1139,4,0,0,virus,1.0,0.0,0.0
966,GU930837.1,1009,4,0,0,virus,1.0,0.0,0.0
967,KC113504.1,1281,4,1,0,virus,0.8,0.2,0.0
968,KM607606.1,1105,4,0,0,virus,1.0,0.0,0.0
969,JF919723.1,1237,4,0,0,virus,1.0,0.0,0.0
970,NC_003565.1,1015,4,0,0,virus,1.0,0.0,0.0
971,MK159188.1,1221,4,0,0,virus,1.0,0.0,0.0
972,MH894504.1,1194,4,0,0,virus,1.0,0.0,0.0
973,FM883186.1,1298,4,1,0,virus,0.8,0.2,0.0
974,HQ185580.1,1107,4,0,0,virus,1.0,0.0,0.0
975,KC007531.1,1293,4,1,0,virus,0.8,0.2,0.0
976,JN132411.1,1191,4,0,0,virus,1.0,0.0,0.0
977,KX889801.1,1139,4,0,0,virus,1.0,0.0,0.0
978,FJ157982.1,1137,4,0,0,virus,1.0,0.0,0.0
979,KF711017.1,1082,4,0,0,virus,1.0,0.0,0.0
980,KM607628.1,1110,4,0,0,virus,1.0,0.0,0.0
981,MH767081.1,1014,4,0,0,virus,1.0,0.0,0.0
982,KM607791.1,1037,4,0,0,virus,1.0,0.0,0.0
983,GQ281415.1,1082,4,0,0,virus,1.0,0.0,0.0
984,HE573767.1,1137,4,0,0,virus,1.0,0.0,0.0
985,MT955040.1,1194,4,0,0,virus,1.0,0.0,0.0
986,KM607344.1,1086,4,0,0,virus,1.0,0.0,0.0
987,KF710607.1,1101,4,0,0,virus,1.0,0.0,0.0
988,KF711078.1,1084,4,0,0,virus,1.0,0.0,0.0
989,AJ535084.1,1465,4,0,1,virus,0.8,0.0,0.2
990,MN417115.1,1378,4,1,0,virus,0.8,0.2,0.0
991,KR350589.1,1111,4,0,0,virus,1.0,0.0,0.0
992,JF833428.1,1139,4,0,0,virus,1.0,0.0,0.0
993,KM607511.1,1075,4,0,0,virus,1.0,0.0,0.0
994,KF710483.1,1102,4,0,0,virus,1.0,0.0,0.0
995,KY473707.1,1035,4,0,0,virus,1.0,0.0,0.0
996,KM067150.1,1136,4,0,0,virus,1.0,0.0,0.0
997,FJ705252.1,1006,4,0,0,virus,1.0,0.0,0.0
998,KU687077.1,1111,4,0,0,virus,1.0,0.0,0.0
999,KY473719.1,1035,4,0,0,virus,1.0,0.0,0.0
1000,HM243476.1,1133,4,0,0,virus,1.0,0.0,0.0
1001,MT433342.1,1014,4,0,0,virus,1.0,0.0,0.0
1002,D84413.1,1465,4,1,0,virus,0.8,0.2,0.0
1003,GQ281429.1,1082,4,0,0,virus,1.0,0.0,0.0
1004,AM041944.1,1256,4,1,0,virus,0.8,0.2,0.0
1005,DQ389148.1,1122,4,0,0,virus,1.0,0.0,0.0
1006,KX000940.1,1147,4,0,0,virus,1.0,0.0,0.0
1007,KU870774.1,1002,4,0,0,virus,1.0,0.0,0.0
1008,FN179276.1,1479,4,1,0,virus,0.8,0.2,0.0
1009,KF711263.1,1028,4,0,0,virus,1.0,0.0,0.0
1010,KM607850.1,1061,4,0,0,virus,1.0,0.0,0.0
1011,LT600698.1,1362,4,1,0,virus,0.8,0.2,0.0
1012,JX154091.1,1013,4,0,0,virus,1.0,0.0,0.0
1013,JF897957.1,1017,4,0,0,virus,1.0,0.0,0.0
1014,MW810244.1,1319,4,1,0,virus,0.8,0.2,0.0
1015,KY081201.1,1191,4,0,0,virus,1.0,0.0,0.0
1016,MG053270.1,1041,4,0,0,virus,1.0,0.0,0.0
1017,MT955039.1,1194,4,0,0,virus,1.0,0.0,0.0
1018,AJ132156.1,1195,4,0,0,virus,1.0,0.0,0.0
1019,KT180287.1,1075,4,0,0,virus,1.0,0.0,0.0
1020,LT852415.1,1004,4,0,0,virus,1.0,0.0,0.0
1021,GU446653.1,1218,4,0,0,virus,1.0,0.0,0.0
1022,KM607655.1,1109,4,0,0,virus,1.0,0.0,0.0
1023,JF314860.1,1126,4,0,0,virus,1.0,0.0,0.0
1024,KR612273.1,1352,4,1,0,virus,0.8,0.2,0.0
1025,FJ713699.1,1086,4,0,0,virus,1.0,0.0,0.0
1026,KF711391.1,1103,4,0,0,virus,1.0,0.0,0.0
1027,KJ789902.1,1374,4,0,1,virus,0.8,0.0,0.2
1028,KM607814.1,1037,4,0,0,virus,1.0,0.0,0.0
1029,HQ185575.1,1084,4,0,0,virus,1.0,0.0,0.0
1030,KF710776.1,1086,4,0,0,virus,1.0,0.0,0.0
1031,MW079220.1,1065,4,0,0,virus,1.0,0.0,0.0
1032,KY429148.1,1125,4,0,0,virus,1.0,0.0,0.0
1033,FM877803.2,1376,4,1,0,virus,0.8,0.2,0.0
1034,KY196411.1,1356,4,0,1,virus,0.8,0.0,0.2
1035,OK157486.1,1002,4,0,0,virus,1.0,0.0,0.0
1036,GU904131.1,1200,4,0,0,virus,1.0,0.0,0.0
1037,KF711428.1,1103,4,0,0,virus,1.0,0.0,0.0
1038,KF710862.1,1086,4,0,0,virus,1.0,0.0,0.0
1039,KP222880.1,1044,4,0,0,virus,1.0,0.0,0.0
1040,KT224395.1,1040,4,0,0,virus,1.0,0.0,0.0
1041,LT600712.1,1367,4,1,0,virus,0.8,0.2,0.0
1042,KM607802.1,1060,4,0,0,virus,1.0,0.0,0.0
1043,KF710849.1,1086,4,0,0,virus,1.0,0.0,0.0
1044,FJ494878.1,1065,4,0,0,virus,1.0,0.0,0.0
1045,LC010785.1,1022,4,0,0,virus,1.0,0.0,0.0
1046,AM920669.1,1197,4,0,0,virus,1.0,0.0,0.0
1047,LC223307.1,836,3,0,0,virus,1.0,0.0,0.0
1048,MG564545.1,870,3,0,0,virus,1.0,0.0,0.0
1049,KX759649.1,1354,3,2,0,virus,0.6,0.4,0.0
1050,OK083640.1,800,3,0,0,virus,1.0,0.0,0.0
1051,AY426318.1,831,3,0,0,virus,1.0,0.0,0.0
1052,JQ954707.1,846,3,0,0,virus,1.0,0.0,0.0
1053,GQ853605.1,807,3,0,0,virus,1.0,0.0,0.0
1054,MN955048.1,795,3,0,0,virus,1.0,0.0,0.0
1055,KX371835.1,899,3,0,0,virus,1.0,0.0,0.0
1056,KP401819.1,942,3,0,0,virus,1.0,0.0,0.0
1057,JF828229.1,909,3,0,0,virus,1.0,0.0,0.0
1058,MH751478.1,1360,3,2,0,virus,0.6,0.4,0.0
1059,HE971464.1,906,3,0,0,virus,1.0,0.0,0.0
1060,LC128417.1,804,3,0,0,virus,1.0,0.0,0.0
1061,LC223057.1,836,3,0,0,virus,1.0,0.0,0.0
1062,MN966673.1,804,3,0,0,virus,1.0,0.0,0.0
1063,MN814409.1,846,3,0,0,virus,1.0,0.0,0.0
1064,MG686933.1,969,3,0,0,virus,1.0,0.0,0.0
1065,MK561508.1,771,3,0,0,virus,1.0,0.0,0.0
1066,KC477119.1,942,3,0,0,virus,1.0,0.0,0.0
1067,KC790034.1,992,3,0,0,virus,1.0,0.0,0.0
1068,KC477111.1,942,3,0,0,virus,1.0,0.0,0.0
1069,KJ634647.1,780,3,0,0,virus,1.0,0.0,0.0
1070,AM491607.1,876,3,0,0,virus,1.0,0.0,0.0
1071,JF755985.1,760,3,0,0,virus,1.0,0.0,0.0
1072,AF530089.1,931,3,0,0,virus,1.0,0.0,0.0
1073,KX034775.1,780,3,0,0,virus,1.0,0.0,0.0
1074,MK560495.1,994,3,0,0,virus,1.0,0.0,0.0
1075,JQ756290.1,795,3,0,0,virus,1.0,0.0,0.0
1076,KJ868846.1,760,3,0,0,virus,1.0,0.0,0.0
1077,FJ262013.1,999,3,0,0,virus,1.0,0.0,0.0
1078,MF066268.1,788,3,0,0,virus,1.0,0.0,0.0
1079,MK370125.1,969,3,0,0,virus,1.0,0.0,0.0
1080,JF427585.1,819,3,0,0,virus,1.0,0.0,0.0
1081,FJ262066.1,999,3,0,0,virus,1.0,0.0,0.0
1082,HE971302.1,906,3,0,0,virus,1.0,0.0,0.0
1083,KC477123.1,942,3,0,0,virus,1.0,0.0,0.0
1084,AY882006.1,831,3,0,0,virus,1.0,0.0,0.0
1085,KJ715960.1,993,3,0,0,virus,1.0,0.0,0.0
1086,KX130921.1,794,3,0,0,virus,1.0,0.0,0.0
1087,MG554612.1,984,3,0,0,virus,1.0,0.0,0.0
1088,MG545490.1,911,3,0,0,virus,1.0,0.0,0.0
1089,HM768183.1,849,3,0,0,virus,1.0,0.0,0.0
1090,DQ302716.1,784,3,0,0,virus,1.0,0.0,0.0
1091,KX033411.1,946,3,0,0,virus,1.0,0.0,0.0
1092,FJ943318.1,780,3,0,0,virus,1.0,0.0,0.0
1093,MG554000.1,777,3,0,0,virus,1.0,0.0,0.0
1094,LC223334.1,836,3,0,0,virus,1.0,0.0,0.0
1095,MK900418.1,921,3,0,0,virus,1.0,0.0,0.0
1096,JQ619096.1,810,3,0,0,virus,1.0,0.0,0.0
1097,MG880261.1,816,3,0,0,virus,1.0,0.0,0.0
1098,KM275602.1,771,3,0,0,virus,1.0,0.0,0.0
1099,AF103789.1,944,3,0,0,virus,1.0,0.0,0.0
1100,FJ262095.1,999,3,0,0,virus,1.0,0.0,0.0
1101,JN995535.1,909,3,0,0,virus,1.0,0.0,0.0
1102,MT345592.1,798,3,0,0,virus,1.0,0.0,0.0
1103,MK026637.1,1134,3,1,0,virus,0.75,0.25,0.0
1104,KT270566.1,839,3,0,0,virus,1.0,0.0,0.0
1105,MK140746.1,969,3,0,0,virus,1.0,0.0,0.0
1106,KY711359.1,787,3,0,0,virus,1.0,0.0,0.0
1107,DQ364982.1,867,3,0,0,virus,1.0,0.0,0.0
1108,KT448782.1,1028,3,1,0,virus,0.75,0.25,0.0
1109,AJ551515.1,767,3,0,0,virus,1.0,0.0,0.0
1110,MZ325849.1,753,3,0,0,virus,1.0,0.0,0.0
1111,FJ262061.1,999,3,0,0,virus,1.0,0.0,0.0
1112,MN873582.2,849,3,0,0,virus,1.0,0.0,0.0
1113,EU348826.1,937,3,0,0,virus,1.0,0.0,0.0
1114,DQ318929.1,756,3,0,0,virus,1.0,0.0,0.0
1115,MH113446.1,987,3,0,0,virus,1.0,0.0,0.0
1116,JX502673.1,837,3,0,0,virus,1.0,0.0,0.0
1117,JN861003.1,969,3,0,0,virus,1.0,0.0,0.0
1118,JQ954310.1,801,3,0,0,virus,1.0,0.0,0.0
1119,KP236102.1,928,3,0,0,virus,1.0,0.0,0.0
1120,FR693073.1,774,3,0,0,virus,1.0,0.0,0.0
1121,AM040189.1,989,3,0,0,virus,1.0,0.0,0.0
1122,MK357835.1,866,3,0,0,virus,1.0,0.0,0.0
1123,AB848103.1,1058,3,0,1,virus,0.75,0.0,0.25
1124,KT225547.1,822,3,0,0,virus,1.0,0.0,0.0
1125,MN180151.1,842,3,0,0,virus,1.0,0.0,0.0
1126,MH113456.1,1003,3,1,0,virus,0.75,0.25,0.0
1127,JX682868.1,755,3,0,0,virus,1.0,0.0,0.0
1128,MN013181.1,957,3,0,0,virus,1.0,0.0,0.0
1129,KM607549.1,1076,3,0,1,virus,0.75,0.0,0.25
1130,KC567904.1,969,3,0,0,virus,1.0,0.0,0.0
1131,JQ954373.1,801,3,0,0,virus,1.0,0.0,0.0
1132,AB000924.1,989,3,0,0,virus,1.0,0.0,0.0
1133,KP025652.1,889,3,0,0,virus,1.0,0.0,0.0
1134,JF509752.2,1414,3,1,1,virus,0.6,0.2,0.2
1135,FJ687400.1,903,3,0,0,virus,1.0,0.0,0.0
1136,KX431385.1,1003,3,1,0,virus,0.75,0.25,0.0
1137,KC237094.1,921,3,0,0,virus,1.0,0.0,0.0
1138,FJ970956.1,796,3,0,0,virus,1.0,0.0,0.0
1139,MT978077.1,837,3,0,0,virus,1.0,0.0,0.0
1140,FR693055.1,774,3,0,0,virus,1.0,0.0,0.0
1141,MT037061.1,776,3,0,0,virus,1.0,0.0,0.0
1142,AB563123.1,849,3,0,0,virus,1.0,0.0,0.0
1143,HQ671646.1,756,3,0,0,virus,1.0,0.0,0.0
1144,KF710635.1,1088,3,0,1,virus,0.75,0.0,0.25
1145,FR693101.1,774,3,0,0,virus,1.0,0.0,0.0
1146,KU726555.1,961,3,0,0,virus,1.0,0.0,0.0
1147,MG717790.1,821,3,0,0,virus,1.0,0.0,0.0
1148,KP844580.1,954,3,0,0,virus,1.0,0.0,0.0
1149,HQ891913.1,951,3,0,0,virus,1.0,0.0,0.0
1150,KJ494928.1,777,3,0,0,virus,1.0,0.0,0.0
1151,MT037428.1,771,3,0,0,virus,1.0,0.0,0.0
1152,MG885773.1,780,3,0,0,virus,1.0,0.0,0.0
1153,LC465418.1,976,3,0,0,virus,1.0,0.0,0.0
1154,KP828396.1,888,3,0,0,virus,1.0,0.0,0.0
1155,OK285026.1,800,3,0,0,virus,1.0,0.0,0.0
1156,JQ388886.1,864,3,0,0,virus,1.0,0.0,0.0
1157,KX420975.1,938,3,0,0,virus,1.0,0.0,0.0
1158,KF804052.1,810,3,0,0,virus,1.0,0.0,0.0
1159,KC978996.1,983,3,0,0,virus,1.0,0.0,0.0
1160,HG531765.1,1354,3,2,0,virus,0.6,0.4,0.0
1161,JX627806.1,779,3,0,0,virus,1.0,0.0,0.0
1162,MN901875.1,1151,3,0,1,virus,0.75,0.0,0.25
1163,LT716002.1,753,3,0,0,virus,1.0,0.0,0.0
1164,MH569170.1,1485,3,1,1,virus,0.6,0.2,0.2
1165,GQ853625.1,807,3,0,0,virus,1.0,0.0,0.0
1166,DQ631842.1,796,3,0,0,virus,1.0,0.0,0.0
1167,LC331253.1,888,3,0,0,virus,1.0,0.0,0.0
1168,KT253637.1,1367,3,2,0,virus,0.6,0.4,0.0
1169,MF176821.1,755,3,0,0,virus,1.0,0.0,0.0
1170,JX270685.1,1355,3,2,0,virus,0.6,0.4,0.0
1171,KC469991.1,756,3,0,0,virus,1.0,0.0,0.0
1172,MT501410.1,909,3,0,0,virus,1.0,0.0,0.0
1173,LR794206.1,780,3,0,0,virus,1.0,0.0,0.0
1174,KJ145196.1,968,3,0,0,virus,1.0,0.0,0.0
1175,KT868894.1,985,3,0,0,virus,1.0,0.0,0.0
1176,KU248064.1,968,3,0,0,virus,1.0,0.0,0.0
1177,MG678377.1,762,3,0,0,virus,1.0,0.0,0.0
1178,KJ572570.1,766,3,0,0,virus,1.0,0.0,0.0
1179,KX420957.1,938,3,0,0,virus,1.0,0.0,0.0
1180,GU904161.1,1200,3,1,0,virus,0.75,0.25,0.0
1181,MN006931.1,825,3,0,0,virus,1.0,0.0,0.0
1182,KU743350.1,837,3,0,0,virus,1.0,0.0,0.0
1183,AM113794.1,787,3,0,0,virus,1.0,0.0,0.0
1184,EU196425.1,900,3,0,0,virus,1.0,0.0,0.0
1185,KF385481.1,900,3,0,0,virus,1.0,0.0,0.0
1186,JF728869.1,1373,3,2,0,virus,0.6,0.4,0.0
1187,MF038795.1,774,3,0,0,virus,1.0,0.0,0.0
1188,HM021233.1,882,3,0,0,virus,1.0,0.0,0.0
1189,KU248046.1,968,3,0,0,virus,1.0,0.0,0.0
1190,KJ741091.1,801,3,0,0,virus,1.0,0.0,0.0
1191,FJ262065.1,999,3,0,0,virus,1.0,0.0,0.0
1192,FJ262139.1,999,3,0,0,virus,1.0,0.0,0.0
1193,KP217196.1,774,3,0,0,virus,1.0,0.0,0.0
1194,KU743320.1,837,3,0,0,virus,1.0,0.0,0.0
1195,KP828390.1,888,3,0,0,virus,1.0,0.0,0.0
1196,MG564593.1,867,3,0,0,virus,1.0,0.0,0.0
1197,KR902700.1,753,3,0,0,virus,1.0,0.0,0.0
1198,HQ406938.1,777,3,0,0,virus,1.0,0.0,0.0
1199,AY510138.1,831,3,0,0,virus,1.0,0.0,0.0
1200,KM527498.1,837,3,0,0,virus,1.0,0.0,0.0
1201,AB505813.1,890,3,0,0,virus,1.0,0.0,0.0
1202,AJ749997.1,827,3,0,0,virus,1.0,0.0,0.0
1203,AF548517.1,964,3,0,0,virus,1.0,0.0,0.0
1204,MF277034.1,828,3,0,0,virus,1.0,0.0,0.0
1205,MF277032.1,818,3,0,0,virus,1.0,0.0,0.0
1206,MT720772.1,976,3,0,0,virus,1.0,0.0,0.0
1207,MW519255.1,869,3,0,0,virus,1.0,0.0,0.0
1208,FR693203.1,774,3,0,0,virus,1.0,0.0,0.0
1209,JQ246077.1,867,3,0,0,virus,1.0,0.0,0.0
1210,LR215327.1,942,3,0,0,virus,1.0,0.0,0.0
1211,MH643738.1,1372,3,2,0,virus,0.6,0.4,0.0
1212,KJ634630.1,780,3,0,0,virus,1.0,0.0,0.0
1213,AY512648.1,831,3,0,0,virus,1.0,0.0,0.0
1214,LC223305.1,836,3,0,0,virus,1.0,0.0,0.0
1215,HM134230.1,771,3,0,0,virus,1.0,0.0,0.0
1216,LC064084.1,807,3,0,0,virus,1.0,0.0,0.0
1217,MK929579.1,1132,3,1,0,virus,0.75,0.25,0.0
1218,AJ491961.1,852,3,0,0,virus,1.0,0.0,0.0
1219,KY234297.1,769,3,0,0,virus,1.0,0.0,0.0
1220,HQ681939.1,755,3,0,0,virus,1.0,0.0,0.0
1221,KF030845.1,1076,3,1,0,virus,0.75,0.25,0.0
1222,KY473696.1,801,3,0,0,virus,1.0,0.0,0.0
1223,HE971448.1,906,3,0,0,virus,1.0,0.0,0.0
1224,MW519408.1,756,3,0,0,virus,1.0,0.0,0.0
1225,HM768172.1,849,3,0,0,virus,1.0,0.0,0.0
1226,KM355259.1,810,3,0,0,virus,1.0,0.0,0.0
1227,FJ943282.1,780,3,0,0,virus,1.0,0.0,0.0
1228,KP987820.1,989,3,0,0,virus,1.0,0.0,0.0
1229,KC777404.1,828,3,0,0,virus,1.0,0.0,0.0
1230,JN593376.1,840,3,0,0,virus,1.0,0.0,0.0
1231,KU870665.1,834,3,0,0,virus,1.0,0.0,0.0
1232,KJ848750.1,837,3,0,0,virus,1.0,0.0,0.0
1233,JQ361098.1,822,3,0,0,virus,1.0,0.0,0.0
1234,AM113814.1,787,3,0,0,virus,1.0,0.0,0.0
1235,HM180089.1,777,3,0,0,virus,1.0,0.0,0.0
1236,MH974475.1,894,3,0,0,virus,1.0,0.0,0.0
1237,GU904157.1,1200,3,1,0,virus,0.75,0.25,0.0
1238,KM880104.1,1369,3,2,0,virus,0.6,0.4,0.0
1239,KR065487.1,795,3,0,0,virus,1.0,0.0,0.0
1240,MG678058.1,981,3,0,0,virus,1.0,0.0,0.0
1241,FJ463044.1,1058,3,0,1,virus,0.75,0.0,0.25
1242,MG587937.1,1299,3,2,0,virus,0.6,0.4,0.0
1243,AJ542489.1,1383,3,2,0,virus,0.6,0.4,0.0
1244,LC114511.1,1193,3,1,0,virus,0.75,0.25,0.0
1245,MN133391.1,1493,3,0,2,virus,0.6,0.0,0.4
1246,LT674474.1,1346,3,2,0,virus,0.6,0.4,0.0
1247,GQ374454.1,876,3,0,0,virus,1.0,0.0,0.0
1248,JQ619105.1,810,3,0,0,virus,1.0,0.0,0.0
1249,HE967695.1,756,3,0,0,virus,1.0,0.0,0.0
1250,MT276257.1,1142,3,1,0,virus,0.75,0.25,0.0
1251,KC494497.1,777,3,0,0,virus,1.0,0.0,0.0
1252,GU904057.1,816,3,0,0,virus,1.0,0.0,0.0
1253,HM059036.1,831,3,0,0,virus,1.0,0.0,0.0
1254,MF773983.1,885,3,0,0,virus,1.0,0.0,0.0
1255,KU308366.1,777,3,0,0,virus,1.0,0.0,0.0
1256,HQ406972.1,777,3,0,0,virus,1.0,0.0,0.0
1257,EU878382.1,846,3,0,0,virus,1.0,0.0,0.0
1258,JQ361090.1,822,3,0,0,virus,1.0,0.0,0.0
1259,KX420977.1,938,3,0,0,virus,1.0,0.0,0.0
1260,KJ713157.1,814,3,0,0,virus,1.0,0.0,0.0
1261,FJ943281.1,780,3,0,0,virus,1.0,0.0,0.0
1262,FR693126.1,774,3,0,0,virus,1.0,0.0,0.0
1263,LC381272.1,901,3,0,0,virus,1.0,0.0,0.0
1264,GU904098.1,1374,3,0,2,virus,0.6,0.0,0.4
1265,AY008440.1,871,3,0,0,virus,1.0,0.0,0.0
1266,KF007282.1,998,3,0,0,virus,1.0,0.0,0.0
1267,EF063383.1,915,3,0,0,virus,1.0,0.0,0.0
1268,FJ493541.1,754,3,0,0,virus,1.0,0.0,0.0
1269,EU310298.1,822,3,0,0,virus,1.0,0.0,0.0
1270,NC_023309.1,971,3,0,0,virus,1.0,0.0,0.0
1271,KX434618.1,935,3,0,0,virus,1.0,0.0,0.0
1272,MF429932.1,777,3,0,0,virus,1.0,0.0,0.0
1273,KF680095.1,771,3,0,0,virus,1.0,0.0,0.0
1274,HQ844097.1,939,3,0,0,virus,1.0,0.0,0.0
1275,KC129095.1,915,3,0,0,virus,1.0,0.0,0.0
1276,LC097175.1,766,3,0,0,virus,1.0,0.0,0.0
1277,LC223351.1,836,3,0,0,virus,1.0,0.0,0.0
1278,JN995532.1,774,3,0,0,virus,1.0,0.0,0.0
1279,KJ145226.1,968,3,0,0,virus,1.0,0.0,0.0
1280,MW519383.1,756,3,0,0,virus,1.0,0.0,0.0
1281,KJ161238.1,1141,3,1,0,virus,0.75,0.25,0.0
1282,LC223336.1,836,3,0,0,virus,1.0,0.0,0.0
1283,LN852665.1,758,3,0,0,virus,1.0,0.0,0.0
1284,MG564569.1,870,3,0,0,virus,1.0,0.0,0.0
1285,KF171105.1,822,3,0,0,virus,1.0,0.0,0.0
1286,GQ853607.1,807,3,0,0,virus,1.0,0.0,0.0
1287,KM233010.1,988,3,0,0,virus,1.0,0.0,0.0
1288,KJ634652.1,780,3,0,0,virus,1.0,0.0,0.0
1289,MF170145.1,870,3,0,0,virus,1.0,0.0,0.0
1290,MH703891.1,894,3,0,0,virus,1.0,0.0,0.0
1291,JF825866.1,771,3,0,0,virus,1.0,0.0,0.0
1292,JN131576.1,939,3,0,0,virus,1.0,0.0,0.0
1293,MT990952.1,828,3,0,0,virus,1.0,0.0,0.0
1294,MT656427.1,872,3,0,0,virus,1.0,0.0,0.0
1295,AB563115.1,849,3,0,0,virus,1.0,0.0,0.0
1296,KC282369.1,803,3,0,0,virus,1.0,0.0,0.0
1297,KM607216.1,1048,3,1,0,virus,0.75,0.25,0.0
1298,LC223317.1,836,3,0,0,virus,1.0,0.0,0.0
1299,AM494507.1,784,3,0,0,virus,1.0,0.0,0.0
1300,KF156666.1,751,3,0,0,virus,1.0,0.0,0.0
1301,MT396253.1,1132,3,1,0,virus,0.75,0.25,0.0
1302,LC128412.1,804,3,0,0,virus,1.0,0.0,0.0
1303,KJ145895.1,963,3,0,0,virus,1.0,0.0,0.0
1304,JX848604.1,1013,3,1,0,virus,0.75,0.25,0.0
1305,GU127600.1,1403,3,2,0,virus,0.6,0.4,0.0
1306,MN901890.1,1193,3,0,1,virus,0.75,0.0,0.25
1307,LC097168.1,773,3,0,0,virus,1.0,0.0,0.0
1308,GU983870.1,980,3,0,0,virus,1.0,0.0,0.0
1309,MT656393.1,872,3,0,0,virus,1.0,0.0,0.0
1310,MH746956.1,1032,3,1,0,virus,0.75,0.25,0.0
1311,KU297996.1,777,3,0,0,virus,1.0,0.0,0.0
1312,KP178676.1,849,3,0,0,virus,1.0,0.0,0.0
1313,MT542859.1,909,3,0,0,virus,1.0,0.0,0.0
1314,MT501428.1,909,3,0,0,virus,1.0,0.0,0.0
1315,HM363016.1,769,3,0,0,virus,1.0,0.0,0.0
1316,HQ316180.1,1375,3,2,0,virus,0.6,0.4,0.0
1317,KT988862.1,1440,3,2,0,virus,0.6,0.4,0.0
1318,MT423640.1,777,3,0,0,virus,1.0,0.0,0.0
1319,MG652909.1,797,3,0,0,virus,1.0,0.0,0.0
1320,KJ866939.1,990,3,0,0,virus,1.0,0.0,0.0
1321,HM035070.1,920,3,0,0,virus,1.0,0.0,0.0
1322,FR693053.1,774,3,0,0,virus,1.0,0.0,0.0
1323,JX673848.1,1157,3,1,0,virus,0.75,0.25,0.0
1324,MT501343.1,909,3,0,0,virus,1.0,0.0,0.0
1325,AB194639.1,867,3,0,0,virus,1.0,0.0,0.0
1326,MZ568841.1,777,3,0,0,virus,1.0,0.0,0.0
1327,MF041962.1,864,3,0,0,virus,1.0,0.0,0.0
1328,GQ853616.1,807,3,0,0,virus,1.0,0.0,0.0
1329,MG686904.1,969,3,0,0,virus,1.0,0.0,0.0
1330,JF795792.1,837,3,0,0,virus,1.0,0.0,0.0
1331,EF626552.1,993,3,0,0,virus,1.0,0.0,0.0
1332,MG194419.1,885,3,0,0,virus,1.0,0.0,0.0
1333,LC223013.1,836,3,0,0,virus,1.0,0.0,0.0
1334,AB848059.1,1058,3,0,1,virus,0.75,0.0,0.25
1335,KF267444.1,1351,3,2,0,virus,0.6,0.4,0.0
1336,MG717832.1,821,3,0,0,virus,1.0,0.0,0.0
1337,KJ849141.1,1200,3,1,0,virus,0.75,0.25,0.0
1338,MG564522.1,870,3,0,0,virus,1.0,0.0,0.0
1339,LC223066.1,836,3,0,0,virus,1.0,0.0,0.0
1340,JX267288.1,779,3,0,0,virus,1.0,0.0,0.0
1341,KY569535.1,825,3,0,0,virus,1.0,0.0,0.0
1342,JQ954336.1,801,3,0,0,virus,1.0,0.0,0.0
1343,LT855239.1,780,3,0,0,virus,1.0,0.0,0.0
1344,AB863729.1,807,3,0,0,virus,1.0,0.0,0.0
1345,MT681371.1,1308,3,2,0,virus,0.6,0.4,0.0
1346,KF545131.1,1233,3,1,0,virus,0.75,0.25,0.0
1347,KY001652.1,1364,3,2,0,virus,0.6,0.4,0.0
1348,MG865894.1,940,3,0,0,virus,1.0,0.0,0.0
1349,MK900431.1,921,3,0,0,virus,1.0,0.0,0.0
1350,FR693168.1,774,3,0,0,virus,1.0,0.0,0.0
1351,KP987819.1,989,3,0,0,virus,1.0,0.0,0.0
1352,KC790036.1,992,3,0,0,virus,1.0,0.0,0.0
1353,KX376936.1,801,3,0,0,virus,1.0,0.0,0.0
1354,KT302175.1,781,3,0,0,virus,1.0,0.0,0.0
1355,KF731965.1,780,3,0,0,virus,1.0,0.0,0.0
1356,KY191025.1,994,3,0,0,virus,1.0,0.0,0.0
1357,FN424179.1,996,3,0,0,virus,1.0,0.0,0.0
1358,DQ449536.1,873,3,0,0,virus,1.0,0.0,0.0
1359,MZ568837.1,777,3,0,0,virus,1.0,0.0,0.0
1360,HQ631431.1,1395,3,2,0,virus,0.6,0.4,0.0
1361,KX418448.1,945,3,0,0,virus,1.0,0.0,0.0
1362,KY191028.1,995,3,0,0,virus,1.0,0.0,0.0
1363,FJ859737.1,1075,3,0,1,virus,0.75,0.0,0.25
1364,LC097166.1,773,3,0,0,virus,1.0,0.0,0.0
1365,DQ978272.1,850,3,0,0,virus,1.0,0.0,0.0
1366,JQ042281.1,1244,3,1,0,virus,0.75,0.25,0.0
1367,DQ298138.1,771,3,0,0,virus,1.0,0.0,0.0
1368,GQ227492.1,840,3,0,0,virus,1.0,0.0,0.0
1369,FJ882069.1,777,3,0,0,virus,1.0,0.0,0.0
1370,KX423898.1,969,3,0,0,virus,1.0,0.0,0.0
1371,KY634962.1,1055,3,0,1,virus,0.75,0.0,0.25
1372,HM021232.1,882,3,0,0,virus,1.0,0.0,0.0
1373,JQ954315.1,801,3,0,0,virus,1.0,0.0,0.0
1374,KJ145179.1,968,3,0,0,virus,1.0,0.0,0.0
1375,KC152463.1,828,3,0,0,virus,1.0,0.0,0.0
1376,MW519197.1,777,3,0,0,virus,1.0,0.0,0.0
1377,MF062453.1,843,3,0,0,virus,1.0,0.0,0.0
1378,KC985019.1,873,3,0,0,virus,1.0,0.0,0.0
1379,MF574031.1,825,3,0,0,virus,1.0,0.0,0.0
1380,MT519604.1,939,3,0,0,virus,1.0,0.0,0.0
1381,HM768199.1,771,3,0,0,virus,1.0,0.0,0.0
1382,AB848101.1,1058,3,0,1,virus,0.75,0.0,0.25
1383,LC381276.1,905,3,0,0,virus,1.0,0.0,0.0
1384,MG564580.1,870,3,0,0,virus,1.0,0.0,0.0
1385,HQ335265.1,890,3,0,0,virus,1.0,0.0,0.0
1386,KY176823.1,1245,3,0,1,virus,0.75,0.0,0.25
1387,MW519386.1,756,3,0,0,virus,1.0,0.0,0.0
1388,KR076680.1,871,3,0,0,virus,1.0,0.0,0.0
1389,DQ364987.1,867,3,0,0,virus,1.0,0.0,0.0
1390,KC237107.1,922,3,0,0,virus,1.0,0.0,0.0
1391,KU939186.1,1049,3,0,1,virus,0.75,0.0,0.25
1392,JX088188.1,942,3,0,0,virus,1.0,0.0,0.0
1393,AF438349.1,1044,3,0,1,virus,0.75,0.0,0.25
1394,KM355294.1,807,3,0,0,virus,1.0,0.0,0.0
1395,GU937010.1,853,3,0,0,virus,1.0,0.0,0.0
1396,EU263016.1,771,3,0,0,virus,1.0,0.0,0.0
1397,JQ394921.1,941,3,0,0,virus,1.0,0.0,0.0
1398,KY825246.1,1369,3,2,0,virus,0.6,0.4,0.0
1399,MN814413.1,846,3,0,0,virus,1.0,0.0,0.0
1400,KX420987.1,938,3,0,0,virus,1.0,0.0,0.0
1401,MN006940.1,825,3,0,0,virus,1.0,0.0,0.0
1402,KC282359.1,803,3,0,0,virus,1.0,0.0,0.0
1403,MH807282.1,801,3,0,0,virus,1.0,0.0,0.0
1404,KX423941.1,969,3,0,0,virus,1.0,0.0,0.0
1405,KC567954.1,969,3,0,0,virus,1.0,0.0,0.0
1406,MN103525.1,1371,3,0,2,virus,0.6,0.0,0.4
1407,MT254410.1,846,3,0,0,virus,1.0,0.0,0.0
1408,JQ954329.1,801,3,0,0,virus,1.0,0.0,0.0
1409,MT681365.1,1308,3,2,0,virus,0.6,0.4,0.0
1410,MK159189.1,1236,3,1,0,virus,0.75,0.25,0.0
1411,DQ364991.1,867,3,0,0,virus,1.0,0.0,0.0
1412,KX451342.1,825,3,0,0,virus,1.0,0.0,0.0
1413,KT764121.1,798,3,0,0,virus,1.0,0.0,0.0
1414,MF038796.1,773,3,0,0,virus,1.0,0.0,0.0
1415,MG564521.1,870,3,0,0,virus,1.0,0.0,0.0
1416,KP828388.1,888,3,0,0,virus,1.0,0.0,0.0
1417,KM355274.1,810,3,0,0,virus,1.0,0.0,0.0
1418,MT874921.1,903,3,0,0,virus,1.0,0.0,0.0
1419,MH890561.1,816,3,0,0,virus,1.0,0.0,0.0
1420,MG717865.1,925,3,0,0,virus,1.0,0.0,0.0
1421,JX417421.1,789,3,0,0,virus,1.0,0.0,0.0
1422,HQ406937.1,777,3,0,0,virus,1.0,0.0,0.0
1423,KM527487.1,849,3,0,0,virus,1.0,0.0,0.0
1424,AF506872.1,837,3,0,0,virus,1.0,0.0,0.0
1425,JX144382.1,779,3,0,0,virus,1.0,0.0,0.0
1426,AY839627.1,1421,3,2,0,virus,0.6,0.4,0.0
1427,KF007294.1,998,3,0,0,virus,1.0,0.0,0.0
1428,KU248045.1,968,3,0,0,virus,1.0,0.0,0.0
1429,MW656862.1,867,2,1,0,virus,0.667,0.333,0.0
1430,MK445316.1,917,2,0,1,virus,0.667,0.0,0.333
1431,MK580967.1,773,2,1,0,virus,0.667,0.333,0.0
1432,KC129097.1,915,2,0,1,virus,0.667,0.0,0.333
1433,AM493901.1,987,2,1,0,virus,0.667,0.333,0.0
1434,JF828239.1,909,2,0,1,virus,0.667,0.0,0.333
1435,MH686308.1,756,2,0,1,virus,0.667,0.0,0.333
1436,KJ439584.1,948,2,1,0,virus,0.667,0.333,0.0
1437,MW656867.1,867,2,1,0,virus,0.667,0.333,0.0
1438,AY366417.1,1419,2,3,0,eucaryotic,0.4,0.6,0.0
1439,KY473785.1,931,2,1,0,virus,0.667,0.333,0.0
1440,LC223489.1,837,2,0,1,virus,0.667,0.0,0.333
1441,KR065449.1,956,2,1,0,virus,0.667,0.333,0.0
1442,KC756852.1,969,2,1,0,virus,0.667,0.333,0.0
1443,KF013690.1,750,2,0,0,virus,1.0,0.0,0.0
1444,KM607376.1,1083,2,2,0,bacteria,0.5,0.5,0.0
1445,KP233027.1,1164,2,0,2,bacteria,0.5,0.0,0.5
1446,AJ884700.1,881,2,0,1,virus,0.667,0.0,0.333
1447,HF565178.1,750,2,0,0,virus,1.0,0.0,0.0
1448,JX088232.1,942,2,0,1,virus,0.667,0.0,0.333
1449,MF677861.1,976,2,0,1,virus,0.667,0.0,0.333
1450,MW656881.1,867,2,1,0,virus,0.667,0.333,0.0
1451,KR361552.1,825,2,1,0,virus,0.667,0.333,0.0
1452,HQ728367.1,834,2,1,0,virus,0.667,0.333,0.0
1453,KC179675.1,913,2,0,1,virus,0.667,0.0,0.333
1454,KJ944751.1,849,2,0,1,virus,0.667,0.0,0.333
1455,KR065439.1,956,2,1,0,virus,0.667,0.333,0.0
1456,KF525380.1,859,2,1,0,virus,0.667,0.333,0.0
1457,MH182699.1,768,2,1,0,virus,0.667,0.333,0.0
1458,MG964283.1,750,2,0,0,virus,1.0,0.0,0.0
1459,AY501482.1,976,2,0,1,virus,0.667,0.0,0.333
1460,MW079199.1,795,2,1,0,virus,0.667,0.333,0.0
1461,MG545504.1,1004,2,2,0,bacteria,0.5,0.5,0.0
1462,EU188922.1,1079,2,1,1,virus,0.5,0.25,0.25
1463,MN984352.1,941,2,0,1,virus,0.667,0.0,0.333
1464,NC_003414.1,1360,2,3,0,eucaryotic,0.4,0.6,0.0
1465,JF828185.1,1023,2,1,1,virus,0.5,0.25,0.25
1466,MH339911.1,1092,2,2,0,bacteria,0.5,0.5,0.0
1467,GU139119.1,1311,2,3,0,eucaryotic,0.4,0.6,0.0
1468,MG053247.1,750,2,0,0,virus,1.0,0.0,0.0
1469,KC179689.1,937,2,1,0,virus,0.667,0.333,0.0
1470,JF427595.1,828,2,1,0,virus,0.667,0.333,0.0
1471,MW648469.1,1389,2,3,0,eucaryotic,0.4,0.6,0.0
1472,KC179683.1,937,2,0,1,virus,0.667,0.0,0.333
1473,MK876224.1,833,2,1,0,virus,0.667,0.333,0.0
1474,KC985038.1,873,2,1,0,virus,0.667,0.333,0.0
1475,MN955028.1,795,2,0,1,virus,0.667,0.0,0.333
1476,MH626073.1,988,2,1,0,virus,0.667,0.333,0.0
1477,MH332865.1,915,2,1,0,virus,0.667,0.333,0.0
1478,JQ811999.2,1485,2,3,0,eucaryotic,0.4,0.6,0.0
1479,MG964293.1,750,2,0,0,virus,1.0,0.0,0.0
1480,MN389483.1,1092,2,2,0,bacteria,0.5,0.5,0.0
1481,MG053258.1,750,2,0,0,virus,1.0,0.0,0.0
1482,GU111984.1,1358,2,3,0,eucaryotic,0.4,0.6,0.0
1483,KF670677.1,1334,2,3,0,eucaryotic,0.4,0.6,0.0
1484,GQ397388.1,789,2,1,0,virus,0.667,0.333,0.0
1485,KC999962.1,971,2,0,1,virus,0.667,0.0,0.333
1486,MN735616.1,898,2,1,0,virus,0.667,0.333,0.0
1487,KT876050.1,763,2,1,0,virus,0.667,0.333,0.0
1488,KY491042.1,1348,2,3,0,eucaryotic,0.4,0.6,0.0
1489,MG678340.1,879,2,0,1,virus,0.667,0.0,0.333
1490,KC305085.1,1365,2,3,0,eucaryotic,0.4,0.6,0.0
1491,MN240344.1,1365,2,3,0,eucaryotic,0.4,0.6,0.0
1492,MK087121.1,1362,2,3,0,eucaryotic,0.4,0.6,0.0
1493,DQ520093.1,894,2,0,1,virus,0.667,0.0,0.333
1494,KJ849115.1,1200,2,2,0,bacteria,0.5,0.5,0.0
1495,MG678327.1,879,2,0,1,virus,0.667,0.0,0.333
1496,KP866939.1,975,2,0,1,virus,0.667,0.0,0.333
1497,KF030866.1,1077,2,1,1,virus,0.5,0.25,0.25
1498,JQ811996.1,787,1,2,0,eucaryotic,0.333,0.667,0.0
1499,EF507719.1,815,1,1,1,bacteria,0.333,0.333,0.333
1500,JF795548.1,942,1,2,0,eucaryotic,0.333,0.667,0.0
1501,KY473727.1,1020,1,2,1,eucaryotic,0.25,0.5,0.25
1502,MH048849.1,996,1,2,0,eucaryotic,0.333,0.667,0.0
1503,AY514629.1,828,1,2,0,eucaryotic,0.333,0.667,0.0
1504,HQ711861.1,840,1,2,0,eucaryotic,0.333,0.667,0.0
1505,MG581737.1,765,1,2,0,eucaryotic,0.333,0.667,0.0
1506,MW039617.1,820,1,2,0,eucaryotic,0.333,0.667,0.0
1507,KY569537.1,795,1,2,0,eucaryotic,0.333,0.667,0.0
1508,KC979049.1,985,1,2,0,eucaryotic,0.333,0.667,0.0
1509,HM021140.1,816,1,2,0,eucaryotic,0.333,0.667,0.0
1510,KY861887.1,1195,1,3,0,eucaryotic,0.25,0.75,0.0
1511,AJ493270.1,1179,1,2,1,eucaryotic,0.25,0.5,0.25
1512,JQ236645.1,1098,1,3,0,eucaryotic,0.25,0.75,0.0
1513,MG950195.1,992,1,2,0,eucaryotic,0.333,0.667,0.0
1514,KF670654.1,1336,1,4,0,eucaryotic,0.2,0.8,0.0
1515,MW017557.1,1293,1,3,1,eucaryotic,0.2,0.6,0.2
1516,NC_024490.1,1406,1,4,0,eucaryotic,0.2,0.8,0.0
1517,KF421935.1,911,1,0,2,bacteria,0.333,0.0,0.667
1518,KP232980.1,939,1,0,2,bacteria,0.333,0.0,0.667
1519,KR014569.1,875,1,0,2,bacteria,0.333,0.0,0.667
1520,KR014624.1,863,1,0,2,bacteria,0.333,0.0,0.667
1521,KF013685.1,750,1,0,1,bacteria,0.5,0.0,0.5
1522,KF013725.1,750,1,1,0,bacteria,0.5,0.5,0.0
1523,NC_040749.1,988,1,2,0,eucaryotic,0.333,0.667,0.0
1524,KX534392.1,1046,0,4,0,eucaryotic,0.0,1.0,0.0
1525,LN877226.1,765,0,0,3,bacteria,0.0,0.0,1.0
1526,KC969463.1,960,0,3,0,eucaryotic,0.0,1.0,0.0
1527,KC969470.1,960,0,3,0,eucaryotic,0.0,1.0,0.0
1528,MF043148.1,822,0,0,3,bacteria,0.0,0.0,1.0
1529,KF010516.1,960,0,0,3,bacteria,0.0,0.0,1.0
1530,AB697885.1,1216,0,4,0,eucaryotic,0.0,1.0,0.0
1531,KC978964.1,1001,0,4,0,eucaryotic,0.0,1.0,0.0
1532,MW648439.1,1119,0,1,3,bacteria,0.0,0.25,0.75
1533,KF030938.1,773,0,1,2,bacteria,0.0,0.333,0.667
1534,MT040104.1,1333,0,0,5,bacteria,0.0,0.0,1.0
1535,MH626101.1,999,0,3,0,eucaryotic,0.0,1.0,0.0
1536,AM087401.1,876,0,0,3,bacteria,0.0,0.0,1.0
1537,MH134029.1,1333,0,5,0,eucaryotic,0.0,1.0,0.0
1538,MH626102.1,999,0,3,0,eucaryotic,0.0,1.0,0.0
1539,MG827056.1,993,0,3,0,eucaryotic,0.0,1.0,0.0
1540,MH569187.1,1215,0,4,0,eucaryotic,0.0,1.0,0.0
1541,KY288657.1,866,0,3,0,eucaryotic,0.0,1.0,0.0
1542,KP178682.1,813,0,2,1,eucaryotic,0.0,0.667,0.333
